{"dpearsonr": [NaN, NaN, NaN, NaN, NaN], "drmse": [0.2916909158229828, 0.30416008830070496, 0.3113258183002472, 0.31127020716667175, 0.29735860228538513], "cpearsonr": [0.7295422477749771, 0.7129781687695508, 0.7279994188212408, 0.7266752771410901, 0.7435601795749498], "crmse": [0.2892977297306061, 0.30180835723876953, 0.31026187539100647, 0.3103512227535248, 0.295030415058136]}