{"dpearsonr": [NaN, NaN, NaN, NaN, NaN], "drmse": [0.28906014561653137, 0.2875813841819763, 0.2898513376712799, 0.29103636741638184, 0.28993725776672363], "cpearsonr": [0.7394911898377663, 0.7397404209351338, 0.7402941370514299, 0.7403985798711605, 0.7398078450796939], "crmse": [0.2875768542289734, 0.28607118129730225, 0.28823909163475037, 0.28946253657341003, 0.28846317529678345]}