{"dpearsonr": [NaN, 0.008469921350723478, NaN, NaN, NaN], "drmse": [0.2908893823623657, 0.28654322028160095, 0.28721222281455994, 0.28986260294914246, 0.28782764077186584], "cpearsonr": [0.7394016344392289, 0.7397535831849804, 0.7403066959155253, 0.7402895508046081, 0.7396860038947005], "crmse": [0.2894172668457031, 0.2850227653980255, 0.28560951352119446, 0.28830254077911377, 0.2863548696041107]}