{"dpearsonr": [NaN, 0.01941039328508262, NaN, NaN, NaN], "drmse": [0.2935014069080353, 0.3031035363674164, 0.3086099624633789, 0.3100639581680298, 0.2952214181423187], "cpearsonr": [0.7294966390165486, 0.7128306829668714, 0.7278605182188516, 0.7266900612737173, 0.7435543878663567], "crmse": [0.2910919785499573, 0.30076560378074646, 0.3075641095638275, 0.30914077162742615, 0.29290682077407837]}