{"dpearsonr": [NaN, NaN, NaN, NaN, NaN], "drmse": [0.28665509819984436, 0.30454474687576294, 0.30996328592300415, 0.3087368607521057, 0.29729288816452026], "cpearsonr": [0.72958267022595, 0.7128934754007034, 0.7281464448783973, 0.7268918888143698, 0.7435907070399264], "crmse": [0.2843085527420044, 0.302182674407959, 0.3088952898979187, 0.3078041672706604, 0.29496967792510986]}