{"dpearsonr": [NaN, NaN, NaN, NaN, NaN], "drmse": [0.2839902341365814, 0.2879539132118225, 0.28854063153266907, 0.2885945737361908, 0.2898765802383423], "cpearsonr": [0.7395296094457914, 0.7396960790735712, 0.7401939633292994, 0.74035507765158, 0.7397408282936706], "crmse": [0.2825140655040741, 0.28642839193344116, 0.2869483232498169, 0.2870352566242218, 0.2884148359298706]}