{"pearsonr": [NaN, NaN, NaN, 0.1541895559927885, 0.22460909414732738], "spearmanr": [NaN, NaN, NaN, 0.15859390518616223, 0.19802806539461337], "r2": [-5.464690796800175, -7.435229341035663, -14.220102345983936, -9.433889870764991, -12.191171517176699], "rmse": [0.5672833027819447, 0.6160580394554351, 0.8443711247806439, 0.6490088828920946, 0.7541041998497092]}