{"pearsonr": [NaN, -0.09524576055993396, NaN, 0.04462023086722095, -0.033430732373528046], "spearmanr": [NaN, -0.10175180412507835, NaN, 0.04962564359975465, -0.02789038109288537], "r2": [-5.541269241758221, -6.487355895006356, -12.90529647432949, -6.67798752402902, -10.024904699130902], "rmse": [0.5404488697131066, 0.578212982664415, 0.7879773365858489, 0.5855275057552556, 0.7016346401679463]}