{"pearsonr": [NaN, NaN, 0.26145359951983893, 0.21702591844421898, NaN], "spearmanr": [NaN, NaN, 0.23574769689834926, 0.2108870306799779, NaN], "r2": [-8.998306591228204, -11.830815218396847, -13.995826200190606, -14.718985303150975, -15.199919124794938], "rmse": [0.7054875387215802, 0.7598017810696607, 0.8381269120337462, 0.7965990253152291, 0.8356917197729622]}