{"pearsonr": [NaN, NaN, NaN, NaN, NaN], "spearmanr": [NaN, NaN, NaN, NaN, NaN], "r2": [-9.32090655506686, -10.64439599850194, -12.686526864263605, -10.966911234657305, -12.718073317865933], "rmse": [0.6788636006384708, 0.7210777309435462, 0.7817542075281417, 0.7309953849226822, 0.7826546324003354]}