{"dpearsonr": [NaN, NaN, NaN, NaN, NaN], "drmse": [0.2873966693878174, 0.2817944884300232, 0.29176971316337585, 0.2865909934043884, 0.2889383137226105], "cpearsonr": [0.7394681766328212, 0.7396376235542225, 0.7400706504478975, 0.7403392096335853, 0.7396045927962036], "crmse": [0.28591740131378174, 0.2802776098251343, 0.29018285870552063, 0.28502151370048523, 0.2874920964241028]}