{"dpearsonr": [NaN, NaN, NaN, NaN, NaN], "drmse": [0.2900353670120239, 0.2982581853866577, 0.313290536403656, 0.3066713809967041, 0.2963281273841858], "cpearsonr": [0.7295262314131405, 0.71280089163109, 0.7277118706224541, 0.7266176458718575, 0.7437522688326013], "crmse": [0.2876526713371277, 0.2959345877170563, 0.3122115731239319, 0.3057471513748169, 0.2940022945404053]}