{"dpearsonr": [0.10962780107555876, 0.14488342005778912, 0.10118754088878988, 0.10094360372571073, 0.10342183828756235], "drmse": [0.08813683688640594, 0.0854341983795166, 0.09216125309467316, 0.0950346514582634, 0.0973120778799057], "cpearsonr": [0.7437596338419431, 0.7297142496849232, 0.7168296838184046, 0.7217511803527185, 0.7315055856742759], "crmse": [0.08843504637479782, 0.08557124435901642, 0.09178530424833298, 0.09516316652297974, 0.09761868417263031]}