{"dpearsonr": [0.12427117694156616, 0.12291161619286872, 0.110501507658761, 0.1391164137627008, 0.0802105056155361], "drmse": [0.2986440658569336, 0.292441189289093, 0.3021946847438812, 0.3086373805999756, 0.31071192026138306], "cpearsonr": [0.7435890010309296, 0.7297056155196711, 0.716707162912698, 0.7216836983851739, 0.7314438500980712], "crmse": [0.29670578241348267, 0.2901274859905243, 0.2995637059211731, 0.3071736693382263, 0.3097172975540161]}