{"pearsonr": [0.15658809258861592, NaN, 0.22403519213574388, NaN, NaN], "spearmanr": [0.17193616197769573, NaN, 0.2391767543077798, NaN, NaN], "r2": [-8.239573215951232, -17.42687995112768, -11.958767359524945, -13.12112892997365, -13.45569596034469], "rmse": [0.6781910867676307, 0.9105401176490792, 0.7791237326161159, 0.7550265540162847, 0.789421914939561]}