{"pearsonr": [0.08444858564818125, NaN, -0.15138736617830745, -0.13219212784252932, NaN], "spearmanr": [0.08847982967398116, NaN, -0.15022336298995495, -0.13291209196678475, NaN], "r2": [-8.506235219071733, -16.00262575873163, -10.705998835536999, -9.659306489914032, -11.153933060810257], "rmse": [0.6515201895438928, 0.8713278553424799, 0.722982588826443, 0.6899030662471067, 0.7366853278044618]}