{"pearsonr": [-0.050983461727440005, 0.05555131898159584, 0.052316540247147186, 0.05619924450159215, -0.047921474559589235], "spearmanr": [-0.08787210287342535, 0.08886377582690923, 0.08820794348747367, 0.0832761354857938, -0.08551289394765588], "r2": [-6.160585493496669, -7.591352630078946, -13.03157067831135, -11.08975631022283, -14.617945228709255], "rmse": [0.5654547640733678, 0.6193759995957246, 0.7915470676594281, 0.7347377834764046, 0.8350943550093081]}