{"pearsonr": [-0.0010035970318486142, 0.036532714991466625, 0.10295977305258817, 0.044919555400227885, 0.09689984016266037], "spearmanr": [-0.024110038966897906, -0.013386679842878576, 0.10464407390973708, 0.10821732726421918, 0.13989711887062536], "r2": [-6.0464616888706395, -8.609435022602241, -14.349491727315597, -14.868593959235108, -17.308670785786102], "rmse": [0.5922590008058699, 0.6575398969015476, 0.8479526198853491, 0.8003809448646247, 0.8884195027014709]}