{"dpearsonr": [NaN, NaN, NaN, NaN, NaN], "drmse": [0.292680948972702, 0.30219897627830505, 0.3090228736400604, 0.30759498476982117, 0.29656097292900085], "cpearsonr": [0.7295628555389555, 0.7127561634787458, 0.7276065318563021, 0.7264549486802461, 0.7436668198044232], "crmse": [0.29025954008102417, 0.29985377192497253, 0.3079560697078705, 0.3066761791706085, 0.2942381501197815]}