{"dpearsonr": [NaN, NaN, NaN, NaN, NaN], "drmse": [0.2900630235671997, 0.28565675020217896, 0.2876264154911041, 0.2874854505062103, 0.2891633212566376], "cpearsonr": [0.7394489085432105, 0.7395813631558071, 0.7401930001315193, 0.7402785100851879, 0.739574875321626], "crmse": [0.2885793149471283, 0.28414657711982727, 0.28602826595306396, 0.2859223484992981, 0.28771811723709106]}