{"pearsonr": [NaN, NaN, NaN, 0.0625157616605585, NaN], "spearmanr": [NaN, NaN, NaN, 0.06429482642682252, NaN], "r2": [-13.344854798277293, -11.204306259710506, -5.866931323661846, -12.521265075447642, -8.516085162147133], "rmse": [0.8089430391278507, 0.8009944939164965, 0.563969255778402, 0.7315156382623296, 0.6318235836449083]}