{"dpearsonr": [NaN, NaN, NaN, NaN, NaN], "drmse": [0.2965872883796692, 0.2931130826473236, 0.30486923456192017, 0.30566078424453735, 0.31205910444259644], "cpearsonr": [0.7380938649257942, 0.7268899134694132, 0.7122206804626131, 0.7135538359690625, 0.7236560770391506], "crmse": [0.2948295772075653, 0.29077962040901184, 0.30227839946746826, 0.3042986989021301, 0.31117120385169983]}