{"dpearsonr": [NaN, NaN, NaN, NaN, NaN], "drmse": [0.29504722356796265, 0.2955167889595032, 0.29934269189834595, 0.3041240870952606, 0.30779680609703064], "cpearsonr": [0.7388742028416043, 0.7263347123372198, 0.70774382728451, 0.709987782935242, 0.722598345781239], "crmse": [0.2932735085487366, 0.29317039251327515, 0.2968733310699463, 0.3028028607368469, 0.30692991614341736]}