{"pearsonr": [NaN, NaN, NaN, NaN, NaN], "spearmanr": [NaN, NaN, NaN, NaN, NaN], "r2": [-9.214653907277038, -4.790433859224939, -5.438192991313286, -20.75346826445852, -15.951201983909115], "rmse": [0.6826242183366449, 0.5517324589081116, 0.5460797510727551, 0.9278530628060228, 0.8432705274527772]}