{"dpearsonr": [0.012084466931006427, NaN, NaN, 0.006548187703519336, NaN], "drmse": [0.28985756635665894, 0.30562278628349304, 0.31311938166618347, 0.310420960187912, 0.2956998348236084], "cpearsonr": [0.7294831710816674, 0.7128950219630821, 0.7279228178779809, 0.7267187070504398, 0.7435552951398489], "crmse": [0.28748658299446106, 0.30325278639793396, 0.3120434284210205, 0.3094989061355591, 0.293388307094574]}