{"dpearsonr": [0.01690917437740095, NaN, NaN, 0.0126946568768874, NaN], "drmse": [0.28721603751182556, 0.2890227735042572, 0.29159194231033325, 0.2902100682258606, 0.2883080542087555], "cpearsonr": [0.7394370222581139, 0.7396521168092663, 0.7403021277272234, 0.7403716229782126, 0.7396860805211657], "crmse": [0.2857509255409241, 0.28751808404922485, 0.28998488187789917, 0.28864046931266785, 0.28684672713279724]}