{"dpearsonr": [-Infinity, 0.009553807408617549, 0.015800124244016965, 0.013174586287117986, -0.00794329853770312], "drmse": [0.08530464768409729, 0.0926065444946289, 0.09797944128513336, 0.0957150012254715, 0.08853060007095337], "cpearsonr": [0.729619293574847, 0.7129151412184663, 0.7278154004864222, 0.7267680108303436, 0.7435921639985169], "crmse": [0.08550062030553818, 0.09239009022712708, 0.09827958792448044, 0.09622213244438171, 0.08825568854808807]}