{"dpearsonr": [-Infinity, 0.014199028667716678, 0.011554350899550784, 0.01021667401511287, 0.01029881484775317], "drmse": [0.08377669006586075, 0.0826210305094719, 0.0847431942820549, 0.0834282636642456, 0.08413372188806534], "cpearsonr": [0.7395555670594799, 0.7397370739157827, 0.7402043828046171, 0.7403832353517257, 0.7397398109753685], "crmse": [0.08443225175142288, 0.08325803279876709, 0.08537812530994415, 0.08404837548732758, 0.0847967267036438]}