{"dpearsonr": [NaN, NaN, NaN, NaN, NaN], "drmse": [0.2885895371437073, 0.287850946187973, 0.28880399465560913, 0.2893602252006531, 0.28838858008384705], "cpearsonr": [0.7394092354389811, 0.7396827626956157, 0.7402641085125267, 0.7403523641247483, 0.7397575861205076], "crmse": [0.28711771965026855, 0.2863348424434662, 0.28719955682754517, 0.28780171275138855, 0.28691232204437256]}