{"dpearsonr": [NaN, NaN, NaN, NaN, NaN], "drmse": [0.29122403264045715, 0.30443572998046875, 0.310245543718338, 0.3095357418060303, 0.2957756221294403], "cpearsonr": [0.729520974907186, 0.7128826023931034, 0.727940893808174, 0.726796103372038, 0.7436297635725782], "crmse": [0.28884321451187134, 0.30208131670951843, 0.30918750166893005, 0.30861881375312805, 0.2934505343437195]}