{"dpearsonr": [NaN, NaN, NaN, NaN, NaN], "drmse": [0.2966137230396271, 0.29313161969184875, 0.30341440439224243, 0.306186705827713, 0.31065645813941956], "cpearsonr": [0.7433482078294977, 0.7294257741236138, 0.7163346607193226, 0.7214512524896343, 0.7309632653115953], "crmse": [0.2946876287460327, 0.290825754404068, 0.30079129338264465, 0.30473074316978455, 0.3096829056739807]}