{"pearsonr": [NaN, NaN, NaN, NaN, NaN], "spearmanr": [NaN, NaN, NaN, NaN, NaN], "r2": [-13.345105075138145, -11.804581951196468, -15.58824858826673, -17.57828832927752, -11.899384492916052], "rmse": [0.8089500959731171, 0.8204567342260294, 0.8765452587533272, 0.8574677615860753, 0.7356159994859066]}