{"dpearsonr": [NaN, NaN, NaN, NaN, NaN], "drmse": [0.29391059279441833, 0.2957974374294281, 0.29760003089904785, 0.3056199848651886, 0.3079172670841217], "cpearsonr": [0.7370604950404223, 0.7276064471758628, 0.7111857750394253, 0.711810043030239, 0.7228059588573545], "crmse": [0.2921989858150482, 0.29343050718307495, 0.29508233070373535, 0.3042806088924408, 0.30704471468925476]}