{"pearsonr": [NaN, NaN, 0.04100642500473481, NaN, -0.055079671958742416], "spearmanr": [NaN, NaN, 0.040392965720730534, NaN, -0.05251085543694969], "r2": [-9.314851299329998, -5.773644977222922, -9.536921032250493, -7.67175887784612, -7.187942938970684], "rmse": [0.6786644274456335, 0.5499647009235701, 0.6859310506772078, 0.6222676117269692, 0.6046596717888043]}