{"pearsonr": [0.19091151358455158, NaN, 0.20478771643574195, NaN, 0.20191059415526139], "spearmanr": [0.20855219647294576, NaN, 0.20831523762290502, NaN, 0.2134588237370508], "r2": [-8.992671699990524, -6.672511584175131, -10.749763680117983, -10.671170100242481, -8.98682282681204], "rmse": [0.7052887097607613, 0.5875461142267525, 0.7418893772985209, 0.6864117609446527, 0.6561503253712178]}