{"pearsonr": [NaN, 0.07715882963549851, 0.06522939779269275, NaN, NaN], "spearmanr": [NaN, 0.07880407423977723, 0.0737247343027565, NaN, NaN], "r2": [-13.664531036243366, -7.917223873089373, -10.844269386473345, -9.4655849725387, -9.394592159811232], "rmse": [0.8179070535647053, 0.6846802759280022, 0.7406759031213864, 0.6435713547580878, 0.6603442484710239]}