{"dpearsonr": [Infinity, 0.00019946679751198473, -Infinity, 0.005079407622291998, NaN], "drmse": [0.08155608177185059, 0.08264712244272232, 0.0828176885843277, 0.08164028823375702, 0.0821872353553772], "cpearsonr": [0.7392335167746911, 0.739427026411162, 0.7400470900534499, 0.7400257807477367, 0.7395236692464762], "crmse": [0.08219492435455322, 0.08328305184841156, 0.0834379494190216, 0.08226139098405838, 0.08283836394548416]}