{"dpearsonr": [-0.0028405564032952593, 0.00976658774659278, -0.004952059630215166, NaN, NaN], "drmse": [0.28777432441711426, 0.2890535593032837, 0.289898544549942, 0.28556108474731445, 0.2867639660835266], "cpearsonr": [0.7393825912679927, 0.7393851249471708, 0.739882847090049, 0.7399788640848749, 0.7395476963136148], "crmse": [0.2863018810749054, 0.2875509262084961, 0.28832191228866577, 0.2840166687965393, 0.2853076756000519]}