{"dpearsonr": [0.011855589755870156, NaN, -0.0002530840384231532, NaN, NaN], "drmse": [0.29040342569351196, 0.3056466579437256, 0.31136155128479004, 0.3055966794490814, 0.29411569237709045], "cpearsonr": [0.729498681675836, 0.7124913446995703, 0.7269443447918098, 0.7260613892743929, 0.7437984087755666], "crmse": [0.2880009412765503, 0.3032653033733368, 0.31029343605041504, 0.30468159914016724, 0.2917867600917816]}