{"dpearsonr": [-Infinity, NaN, NaN, -0.010249593813047152, NaN], "drmse": [0.08306863158941269, 0.09261221438646317, 0.0958382710814476, 0.09371563792228699, 0.08647073805332184], "cpearsonr": [0.729393534979356, 0.7124144680977308, 0.7270263279068153, 0.7259561504944481, 0.7438135276218977], "crmse": [0.08326053619384766, 0.09239137172698975, 0.09613294154405594, 0.09422142058610916, 0.08620458096265793]}