{"dpearsonr": [NaN, 0.007960347058036707, NaN, 0.006035405221649718, 0.012568943534828446], "drmse": [0.28534552454948425, 0.2870839536190033, 0.2871406674385071, 0.28785958886146545, 0.28523364663124084], "cpearsonr": [0.7394879661415197, 0.7395845200443032, 0.7401350321007978, 0.7403954711206512, 0.7396731350941653], "crmse": [0.28386491537094116, 0.28557538986206055, 0.2855624854564667, 0.28629544377326965, 0.2837617099285126]}