{"dpearsonr": [0.008697225508572578, 0.009426137987548516, 0.010713044494543916, 0.012284708963902453, 0.010902008660368275], "dspearmanr": [0.04531940098353283, 0.0452855894911313, 0.046213105124092886, 0.04685167480530136, 0.045799363139764356], "drmse": [226.06033325195312, 278.2368469238281, 158.82057189941406, 187.3018035888672, 243.47872924804688], "cpearsonr": [-0.20651144010469843, -0.1031255689595941, -0.07382858702871901, -0.16506747064504848, -0.18482118246027646], "cspearmanr": [-0.19042345171551955, -0.13173352881994213, -0.06814025446634288, -0.1556705243237716, -0.17749076058385546], "crmse": [226.1556854248047, 278.32586669921875, 158.8809356689453, 187.35751342773438, 243.53720092773438]}