{"dpearsonr": [-Infinity, Infinity, 0.0074543293439369804, 0.015987469460003553, 0.003788523880552866], "drmse": [0.08214406669139862, 0.0819794237613678, 0.0837959572672844, 0.08420563489198685, 0.08243036270141602], "cpearsonr": [0.7394292658840321, 0.7396424485844748, 0.7401803129854488, 0.74029379726651, 0.7396835917288285], "crmse": [0.08278694748878479, 0.08260784298181534, 0.08441444486379623, 0.08483878523111343, 0.08307948708534241]}