{"dpearsonr": [-Infinity, -Infinity, NaN, -0.0007805769720199183, -0.002523056102455406], "drmse": [0.08366566151380539, 0.09191197156906128, 0.09692497551441193, 0.0965658500790596, 0.08673713356256485], "cpearsonr": [0.7295355591370737, 0.7126590002799761, 0.7275754128135902, 0.7264222167082102, 0.7436607831603214], "crmse": [0.08385936170816422, 0.09169160574674606, 0.09722250699996948, 0.09707760810852051, 0.08646809309720993]}