{"dpearsonr": [-0.038349194404851, 0.08980629992204961, 0.02000789678156571, 0.011869770204876331, 0.03920034007284042], "dspearmanr": [0.014624419840889974, 0.07940205234998016, 0.027201717866566104, 0.016880363000235005, 0.03360757900794232], "drmse": [226.22003173828125, 278.3990173339844, 158.85433959960938, 186.40420532226562, 238.5553436279297], "cpearsonr": [-0.20827987598952938, -0.08989489953014758, -0.06663988901303146, -0.1511983868257293, -0.18766472282562663], "cspearmanr": [-0.19024416573654998, -0.12110322624265149, -0.06670176476573138, -0.1458414053210778, -0.17958854218652398], "crmse": [226.2588653564453, 278.45782470703125, 158.8766632080078, 186.46009826660156, 238.6251983642578]}