{"dpearsonr": [NaN, NaN, NaN, -0.004783153066327515, 0.002703359714858975], "drmse": [0.2879942059516907, 0.3036552667617798, 0.3085119128227234, 0.30798059701919556, 0.2925615608692169], "cpearsonr": [0.729589913672191, 0.7127705942633596, 0.7278304843467904, 0.7265324255932961, 0.7436836532500246], "crmse": [0.28562402725219727, 0.3013041913509369, 0.3074341416358948, 0.3070632815361023, 0.2902495861053467]}