{"dpearsonr": [NaN, NaN, NaN, NaN, NaN], "drmse": [0.294292151927948, 0.29363417625427246, 0.3015025854110718, 0.3072604238986969, 0.30923041701316833], "cpearsonr": [0.7432030238668966, 0.7295605756192046, 0.7161263586556412, 0.7212062222325908, 0.7308496334741867], "crmse": [0.29237592220306396, 0.29130882024765015, 0.2988928556442261, 0.3058023452758789, 0.30825772881507874]}