{"pearsonr": [NaN, NaN, 0.10666921983358665, NaN, 0.05912669229214049], "spearmanr": [NaN, NaN, 0.10213649903670434, NaN, 0.06751395699036389], "r2": [-5.715335054441455, -14.52228996507595, -10.631643610703659, -8.518499354538324, -8.526925265234658], "rmse": [0.5475924396057732, 0.832533075096563, 0.7206827777898305, 0.6519403220269028, 0.6522288116093096]}