{"pearsonr": [NaN, NaN, 0.20961084881566094, 0.23983150500122694, NaN], "spearmanr": [NaN, NaN, 0.2134588237370508, 0.24774939783135616, NaN], "r2": [-5.628347455893789, -15.886234781315661, -11.882031603881325, -11.718474366432151, -10.50471772682138], "rmse": [0.5744189450476115, 0.8716449003447426, 0.7768135044569975, 0.7165475678807588, 0.7042513037678061]}