{"pearsonr": [0.07371374269381036, 0.25895363336891325, 0.0979187360576694, 0.0513497042034141, -0.05681021170923559], "spearmanr": [0.12107723868136061, 0.22757024951099658, 0.09186908594283484, 0.07629011803726467, 0.027099795141937378], "r2": [-10.754194368242462, -8.141598553879742, -10.804954949886826, -16.406987684435776, -18.57544298186327], "rmse": [0.7649315184123552, 0.6413339857878917, 0.7436297461925608, 0.8382804305280306, 0.9186402610710195]}