{"pearsonr": [0.04363093687998141, 0.2528898183662764, 0.11165330616897383, -0.11382225989735292, 0.1872782790388674], "spearmanr": [0.040398835933400115, 0.2228090262869138, 0.07184664910740417, -0.09312749975612138, 0.13835723344063997], "r2": [-11.456889728352193, -12.333723789586486, -8.439052510681318, -11.899443373570488, -9.458206836914064], "rmse": [0.787464405287876, 0.774549020685825, 0.6649496899408669, 0.7216273784612152, 0.6714571291924057]}