{"pearsonr": [0.0850284404588295, -0.009877378828494255, 0.0989785254462292, 0.12060388093499404, -0.07834576565085029], "spearmanr": [0.06946743699061446, -0.012466052905664837, 0.0684847317266953, 0.10087700045466567, 0.1072216389443776], "r2": [-9.215458637353056, -13.87440978939803, -6.812912212476215, -6.4104040987653255, -16.39987724626879], "rmse": [0.713107586717903, 0.818074871919995, 0.604966127741296, 0.5469510524818839, 0.8660894892604369]}