{"pearsonr": [0.08908073826785573, 0.2400626520799906, 0.0007460831630013796, 0.1212456082221084, 0.10589322247348354], "spearmanr": [0.13706884213539428, 0.21008539668908927, 0.003965466783728417, 0.12559750268266512, 0.0730514096185738], "r2": [-10.989174492582528, -10.21983361223204, -13.480322637972103, -10.758281074789718, -14.783103173150753], "rmse": [0.772539621719149, 0.7105037757766176, 0.8235950088675495, 0.6889686099643981, 0.8248706927979997]}