{"pearsonr": [0.005234893369091595, 0.043517708042249595, 0.018431551688212665, 0.009479388722736116, 0.020685790713326064], "spearmanr": [0.039231813049954226, 0.05366054260069997, 0.0673706144629705, -0.026235654658110136, -0.04076449687860151], "r2": [-10.78638456816929, -13.888464337484788, -6.528053835558327, -6.154546439305521, -10.097274529600053], "rmse": [0.7254607221761286, 0.815358405650514, 0.5797823074739943, 0.5652162687533296, 0.7039337132961636]}