{"pearsonr": [0.10101118178261272, 0.19482438857075635, 0.17643057577190313, -0.03846563556258855, -0.037083270375016436], "spearmanr": [0.12298554458279662, 0.1614903869090215, 0.16331109563846843, -0.029404484202153604, 0.052370564299332054], "r2": [-6.765129084046356, -15.903644176935082, -7.373822361239892, -16.385166648362535, -16.581604610077036], "rmse": [0.6217280505396736, 0.8720941094752508, 0.6263058361500665, 0.8377548403424904, 0.8706005364309799]}