{"pearsonr": [0.0383482936023223, 0.10025454811122117, -0.013244586817505191, 0.014471902376178635, -0.08266779900994145], "spearmanr": [0.028600804447389133, 0.15318976014023572, 0.02222131459720076, 0.03107468880708174, -0.09358589027975031], "r2": [-16.39880531130498, -6.188506185947569, -12.042087112675848, -14.897616693925789, -6.872032273650551], "rmse": [0.8814208398180885, 0.5665561075598143, 0.7631275783250336, 0.8425382203442425, 0.5928803180546687]}