{"pearsonr": [-0.00655612639857758, 0.10667746031691347, 0.04319718793536056, 0.14619861873989648, -0.0367724351090109], "spearmanr": [-0.05025046514956347, 0.13652974571823864, 0.05092186128182618, 0.15214613208467467, 0.06829577602185154], "r2": [-11.736945277957245, -13.809857619797771, -18.154849816808326, -11.12123779256832, -14.8875730672319], "rmse": [0.7962670844939636, 0.816297795448981, 0.9472485789166092, 0.6995213955575087, 0.827596139884746]}