{"pearsonr": [-0.09427716095672843, 0.02855537536594312, 0.10938748737657579, -0.05147172102597451, 0.013089217825857044], "spearmanr": [-0.09619698609950446, -0.033057595337818275, 0.12047603333861723, -0.07220684501605787, 0.030109489051094892], "r2": [-12.360216284695277, -11.002072752357114, -12.878796732015223, -11.338707382373062, -12.486376667588646], "rmse": [0.7723787996481893, 0.7320685129043172, 0.7872261424498715, 0.7422640598865791, 0.776017013396292]}