{"pearsonr": [0.13242252842133065, 0.19279992696281875, 0.09035617903273203, 0.04135236238668706, 0.09268522624228394], "spearmanr": [0.15164352845761175, 0.1791808100305895, 0.046561424645111274, 0.048064013815155404, -0.05876270306012759], "r2": [-11.044599719777478, -7.489482940470161, -7.032932693754802, -12.478693571729393, -10.188496719737687], "rmse": [0.7743232646074398, 0.6180360411136044, 0.6134252531943973, 0.7376518174338401, 0.6945052696190956]}