{"pearsonr": [0.006789913865365493, 0.015594985479031811, 0.01603336625364638, -0.05711567344423261, -0.005575718596963159], "spearmanr": [0.020227831086869364, 0.0959546802694465, 0.05578559951833021, -0.03441986407030913, 0.028708205931831387], "r2": [-4.087094347413298, -10.513322471594794, -10.405315179383816, -6.17172126361546, -13.826510559152224], "rmse": [0.47660489274437556, 0.7170078899475768, 0.7136368143861305, 0.565894276182314, 0.813660205198633]}