{"pearsonr": [0.13755716526271405, 0.24564963827625605, 0.08203152688969492, 0.08225715061323606, -0.05453271559084362], "spearmanr": [0.145880444635275, 0.21441248032059537, 0.07966549564133281, 0.003316749585406302, 0.13857672422202713], "r2": [-7.2917851814605505, -16.438134689801082, -6.471353555564252, -17.317879016488018, -17.968092759033127], "rmse": [0.6424659909282594, 0.8857745456000998, 0.5915946405950879, 0.8599339792372082, 0.9042770488269964]}