{"pearsonr": [0.006039860090953232, 0.1500727286154953, 0.11409017726624178, 0.13091595463228808, 0.1428969407774748], "spearmanr": [0.001439978861830106, 0.15710239738792764, 0.1522077107092135, 0.13987692213325534, 0.1476981584323791], "r2": [-16.184354092637168, -3.7364669869946097, -9.066460980826873, -4.1619228365803735, -6.504330918561595], "rmse": [0.8759719644393029, 0.4598867081524211, 0.6704432265917822, 0.4800974003637419, 0.5788680618601699]}