{"pearsonr": [0.07064628182784992, 0.22033332509703676, 0.025573172516388392, -0.04169451586005606, -0.012453464343571592], "spearmanr": [0.05658531945118986, 0.2220191893285991, -0.007026777881457467, 0.029506741421744764, 0.05045617611998256], "r2": [-7.1837857697806875, -7.122392629128548, -7.464538620835484, -9.95028948996909, -11.350707180073483], "rmse": [0.6382682598777997, 0.6045262608231372, 0.6296891819821525, 0.6648754803183374, 0.7296852854401185]}