{"pearsonr": [0.01025215070615198, 0.11152618302334953, 0.0810890032792885, -0.14560264148986649, 0.10132120204030085], "spearmanr": [-0.024622359591433354, 0.13980968580582148, 0.13486311728597722, -0.17724380600078327, 0.11737634413675632], "r2": [-12.269767232785, -12.529363168841623, -16.783692191530978, -8.025385167112974, -12.438117493502931], "rmse": [0.7697598460800068, 0.7772527684800153, 0.8911166671840424, 0.6348285832928894, 0.7746273331460287]}