{"pearsonr": [0.060869537035601856, 0.14619564228884815, 0.0653023360219272, 0.0012511925157312068, 0.013590765126680383], "spearmanr": [0.02633465284894394, 0.09357377987691426, 0.05497024680518974, -0.0675153643546971, -0.04942444639547362], "r2": [-15.17663872731491, -11.416134561445428, -12.312148541119843, -12.239682720500033, -9.690800367980192], "rmse": [0.8973673527021828, 0.7474228783243455, 0.789675500370905, 0.7310823607891066, 0.6788827690775165]}