{"pearsonr": [0.00041758258647165564, 0.13342180910022597, 0.06984506046772004, 0.03663665521830511, 0.1342138190367946], "spearmanr": [-0.051452092143120125, 0.13514145317494392, 0.08406591336328115, 0.09238704963197016, -0.06677933942725382], "r2": [-10.225962848954923, -9.950122127097087, -11.201284433860295, -7.6475447555987195, -9.300040227204642], "rmse": [0.7475460007025669, 0.7019119938269827, 0.7560096908303117, 0.5908454914797125, 0.666360332653468]}