{"pearsonr": [0.017630939481623024, -0.0009180536152859126, -0.024047296811552345, -0.006895077530835346, 0.01011893037147265], "spearmanr": [-0.0835321688991503, 0.0035888874832168726, -0.013214765156447743, -0.0264258693944797, 0.08346622279091816], "r2": [-10.641741603905501, -8.849484916093752, -9.972880360612454, -5.258659603091133, -7.464019010589137], "rmse": [0.7209955397365895, 0.6631783807113353, 0.6999772452765508, 0.5286451669904408, 0.6147689369365518]}