{"pearsonr": [0.07381679536159388, 0.06959045637070115, 0.05256132371217815, 0.04031119185872245, 0.05924048312047551], "spearmanr": [0.15215109064400603, 0.10458374815394995, 0.13032877384530453, 0.16032325338894682, 0.1336316109824053], "r2": [-7.488689955797797, -15.051693260992256, -5.455095439584184, -13.101096629026822, -15.17338181251871], "rmse": [0.6156642500653242, 0.8466112326025994, 0.5368771670307417, 0.7935056886974716, 0.8498142708849862]}