{"pearsonr": [-0.006210762069561698, 0.12181077333397564, -0.051781148222889886, -0.0757042717595444, -0.10096109760359909], "spearmanr": [-0.07484116817265692, 0.11251156181646454, -0.08994554291001398, -0.0873673144111113, -0.11845547402984447], "r2": [-17.9996322644019, -6.015684240342983, -12.397898716087635, -5.944314429597323, -10.70038060846414], "rmse": [0.9210775517498098, 0.5597042664037957, 0.773467278183586, 0.5568500829901505, 0.7228090723287538]}