{"pearsonr": [0.15952989608698143, 0.1778746809489253, 0.10819345584816457, -0.004870214997378896, 0.03419314465671256], "spearmanr": [0.15692513936674427, 0.1274178889796311, 0.07635352648522095, 0.031606711060787156, -0.1074334211296459], "r2": [-8.002719140118487, -13.786308627918064, -10.315474157866669, -11.323995619932422, -15.340105666028414], "rmse": [0.6694420259956996, 0.8156485441766889, 0.7280495962202728, 0.7053477484886829, 0.8392997740870078]}