{"pearsonr": [0.15309449975597486, 0.18522050874534565, 0.08842497030653539, 0.05692202551669211, 0.16100563692485678], "spearmanr": [0.13611468918467629, 0.16318420302502307, 0.0036533199362444937, 0.11730289674122431, 0.19145449224465907], "r2": [-4.647320759540269, -14.884047091274446, -7.080326433370592, -18.902308816563572, -14.175185471881989], "rmse": [0.5302093108004543, 0.8453834957695932, 0.6152321749259796, 0.8963533524184601, 0.8088289358951835]}