{"pearsonr": [0.10033301510334881, 0.22718945605809068, 0.06224741470009505, 0.08204297891005105, 0.17097151317331297], "spearmanr": [0.08719060062813395, 0.21373503172558558, 0.038249973478193346, 0.08839159201955861, 0.14796379373217727], "r2": [-5.972534748310846, -8.754953822951407, -13.758266116484423, -11.72437892374494, -15.955667816581798], "rmse": [0.5891440090281798, 0.662499860146106, 0.8314617123327439, 0.716713877342299, 0.854962616899303]}