{"pearsonr": [-0.004145986219366211, 0.027084499369346964, 0.02750323546461345, -0.012208906572986785, 0.052133915302224394], "spearmanr": [0.08785139111455241, 0.0816473738075902, 0.031225965961904138, -0.009180422235730094, 0.043279282764908486], "r2": [-8.00029918716714, -5.19256231925424, -9.612079140859842, -7.4618120494646245, -10.809753620303237], "rmse": [0.6339457191116612, 0.5258462645642837, 0.6883730200346329, 0.6146887823671058, 0.7261795572969055]}