{"pearsonr": [-0.013967656336020616, 0.09625828912465599, 0.028057571852014573, 0.03447253265539083, 0.04404870817578274], "spearmanr": [0.01759586484790435, 0.12400384072775658, 0.045829224446656824, 0.07079867320313864, 0.06416232972694973], "r2": [-11.540596679260606, -7.6006219274754745, -9.064620552943591, -7.345376140439891, -15.266157139589488], "rmse": [0.7483119843575656, 0.6197100350420661, 0.6703819359945322, 0.6104450243257037, 0.8522481791416245]}