{"pearsonr": [0.16231630558523244, 0.217613863080322, 0.03878374055841541, 0.0890644925136517, 0.07570802370719844], "spearmanr": [0.1555051430953331, 0.2112911575078741, 0.044818289242974166, 0.12057757249055213, -0.061029606350543386], "r2": [-7.7088872250946565, -6.896434362896412, -9.303287302600399, -7.830800377667371, -16.561262372929736], "rmse": [0.6584267329226071, 0.596058241021946, 0.6947243031712571, 0.5970731621550134, 0.8700967403151358]}