{"pearsonr": [0.1473973012491837, 0.2946865868814102, 0.051900799634476254, -0.12808716053839347, 0.11301539290928296], "spearmanr": [0.1742285366020711, 0.28181384475931487, 0.056672519754170335, -0.11602855352388532, 0.07810973847629991], "r2": [-4.092749521151449, -11.693334241066397, -11.648209054855096, -8.79952485197331, -16.429829501122345], "rmse": [0.5035032525648528, 0.755720215944688, 0.7697312246796509, 0.6289701371151732, 0.866834614598033]}