{"pearsonr": [0.12525212594502014, 0.06597261575061475, 0.09196774092160363, 0.027985439793028553, -0.002641065071472227], "spearmanr": [0.1267227834424056, 0.09413026861502602, 0.115744388715621, 0.02826049004666437, -0.11210804053702492], "r2": [-11.956560395250127, -11.138841210503223, -7.330293864745606, -8.659252702450518, -7.535958574418784], "rmse": [0.7606212635413906, 0.7362278052009267, 0.6098931580239365, 0.65674286667022, 0.6173760099885801]}