{"pearsonr": [0.14922809804387566, 0.1764291396402046, 0.0538432139479646, 0.03434685375978365, -0.0820348232756557], "spearmanr": [0.1997736269425911, 0.1634012730802091, 0.06186049744845879, 0.01255976558356897, 0.09998573304768778], "r2": [-5.606546923592574, -13.195747891268667, -10.389239079180646, -9.802238038390696, -19.15913887118246], "rmse": [0.5734735395367828, 0.7991941954137803, 0.7304187979164947, 0.6603655187601335, 0.9322355582404908]}