{"pearsonr": [0.024745035094910415, 0.06698935960180559, 0.03003526596896049, 0.016465863439085245, 0.15684782915715145], "spearmanr": [0.10164394319296334, 0.11280758426222728, 0.14636982382892028, 0.07592515946881608, 0.17913210543429287], "r2": [-12.226019161084416, -5.623429723342874, -7.253251798686396, -8.701890097771248, -9.170146904882708], "rmse": [0.7684899176124946, 0.5438323856532088, 0.6070663325293141, 0.658190751566677, 0.6738872093752851]}