{"pearsonr": [0.033639717467616834, 0.039655205763301525, 0.00036031771308496534, -0.020100588110916792, -0.07817537593863193], "spearmanr": [0.1014602527703764, 0.099369718223679, -0.0001495127344601028, -0.029674757848705824, -0.05889970815560655], "r2": [-11.523228087932239, -6.5380286170061, -5.984066534955374, -9.135943876185289, -8.24740516858144], "rmse": [0.7477936027879488, 0.58016629033942, 0.5584416277643569, 0.6727530863713568, 0.6425893795634628]}