{"pearsonr": [0.0986341427551262, 0.2839420658494555, 0.14489576784160604, 0.19177301409620018, 0.12047099786003714], "spearmanr": [0.1364469082927044, 0.2784409140785268, 0.11837927216642703, 0.18457733950035612, 0.2114359853581192], "r2": [-6.782482062347489, -9.13632140395964, -7.573233539361443, -10.203312016340185, -15.602670483253885], "rmse": [0.6224223604759753, 0.675325841403491, 0.6337192709774911, 0.6725130752042366, 0.8460161432795305]}