{"pearsonr": [-0.07208324556450843, 0.01285113501251042, 0.08335060433551518, -0.06624810982242436, -0.10085540441722071], "spearmanr": [-0.04096943096316117, 0.02772291398311149, 0.03244333452060113, -0.07182748916039575, 0.04347884406005605], "r2": [-12.465299382580579, -16.757643677751066, -9.045713523479995, -16.08802217884393, -13.946897363306656], "rmse": [0.8187176046091076, 0.8938524823919287, 0.6859855717345508, 0.8305645988847687, 0.8027220671352053]}