{"pearsonr": [0.06901053443324716, 0.0006529934373209066, 0.01745240550137429, 0.05843252730107453, 0.020590273035711287], "spearmanr": [0.07194177563098116, -0.08089601358888796, 0.028834112583259002, 0.07876455505202516, 0.09057513390527563], "r2": [-9.55425988119726, -12.594569633748309, -5.776566815495615, -4.2896133816732425, -13.797261379077991], "rmse": [0.6864951797133568, 0.7791235507373149, 0.5500833028482393, 0.4859992125114822, 0.8128572299217572]}