{"pearsonr": [0.014091262782096204, 0.010833426507768978, 0.009551426478233238, -0.0136062575957118, 0.00946777397314439], "spearmanr": [0.07780676941681615, 0.04648331101214772, 0.005209644241110227, -0.09009020167332228, 0.048280824473078604], "r2": [-6.9458705072275935, -8.088300425085466, -6.495895997304589, -7.29526783224577, -13.080553196744221], "rmse": [0.5956543830547193, 0.6370374109240826, 0.5785426444849348, 0.6086096114665165, 0.7929274616148593]}