{"pearsonr": [0.04866977030233168, -0.007662168816275293, 0.009201135731674265, -0.015099594954782785, 0.12211054782280872], "spearmanr": [0.052521349172272316, 0.03863865415992421, 0.021700348381086736, -0.09292530710521028, 0.07356120568877492], "r2": [-6.063596510489046, -14.208863158222453, -6.239215347102521, -13.978807940387338, -13.28865877352843], "rmse": [0.5929786591899756, 0.8272210136519748, 0.5823315693816479, 0.7776177098458522, 0.7848477334033213]}