{"pearsonr": [0.03172015368366162, 0.07943088898792049, 0.013144659523355614, 0.007302394064214123, 0.015674230678822905], "spearmanr": [0.1341022652744422, 0.11023513841246775, 0.020633912603587684, -0.028840353729324912, 0.15062874159244727], "r2": [-11.377470544667888, -9.096915757276125, -12.342292686344932, -15.256094080102173, -10.049377718191602], "rmse": [0.7434290903432667, 0.6714566303484785, 0.7718605275898244, 0.8519845166526313, 0.7024129507232596]}