{"pearsonr": [0.040869945694369636, 0.24081465284743098, 0.08535129117516681, -0.06637451591795936, 0.15034924043250536], "spearmanr": [0.04172277291493463, 0.20949859262439766, 0.16901137091433854, -0.04283251105395397, 0.11771046727148574], "r2": [-11.739475255803436, -6.368326297399249, -6.417478898839402, -14.772000003160212, -8.337951270607242], "rmse": [0.7963461630332423, 0.5757813675579341, 0.5894578375479959, 0.797941221056122, 0.6344764070477956]}