{"pearsonr": [0.16049314640073364, 0.2614334063709623, 0.07252161302174888, 0.14182522843468073, -0.03815103733165334], "spearmanr": [0.17181432183579026, 0.22004198272983155, 0.033470068628183865, 0.134572236854941, 0.1331918837186616], "r2": [-10.414242495670159, -12.652710931683254, -17.332021377162096, -17.232163652672522, -13.37904005110705], "rmse": [0.7537887813112681, 0.7837591598212367, 0.9266799451424016, 0.8579196634981509, 0.7873260528062528]}