{"pearsonr": [0.0007041238075620944, 0.03771331608530929, 0.03681818141917594, -0.07505311200278246, -0.022587469411544665], "spearmanr": [0.04227909767908314, 0.11185538176972766, 0.08284050548417318, -0.02644427855078427, -0.08609635847948915], "r2": [-7.375107372711694, -6.194280379989843, -6.392757329100286, -7.091812975148901, -9.277061094444013], "rmse": [0.6115314431147578, 0.5667836060231938, 0.5745486724662238, 0.6010997100561039, 0.6774200856438257]}