{"pearsonr": [0.10612703228905651, 0.0976729237719507, -0.02536442149014727, 0.04379159042534193, 0.08157185643378831], "spearmanr": [0.11728437111751151, 0.10974561076536173, -0.041545863660337815, 0.10466278032830202, 0.07016523622363038], "r2": [-3.4583927078908374, -11.482867122795135, -6.101098887410334, -8.44184954731642, -10.749699495239469], "rmse": [0.4461827338088687, 0.7465876026805891, 0.5631011062335827, 0.6493100698170184, 0.7243308455671812]}