{"pearsonr": [0.027581109204993584, 0.03505136894633058, 0.013656653741615904, -0.018016363137123893, 0.019249026977532578], "spearmanr": [0.07200068062046833, 0.07485889201484408, 0.03679778308562067, -0.004220288378118391, 0.0541629982806082], "r2": [-10.394539960567792, -5.243263084029449, -7.653375072128524, -17.500072323587048, -10.701639998513851], "rmse": [0.7132996290580039, 0.5279945238966646, 0.6216076697024646, 0.9088878825649049, 0.7228479716641657]}