{"pearsonr": [0.1519767223674457, 0.19390769109390787, -0.01164785572864398, 0.11547890068457015, 0.0808294435350581], "spearmanr": [0.14547970039597347, 0.146462477935213, -0.030372646571066243, 0.1415910642864111, -0.01212076870549215], "r2": [-3.4994084995000847, -12.694649698762362, -7.1567747030759765, -11.621802526065428, -12.974838238948012], "rmse": [0.4732643969119097, 0.7849620230860409, 0.61813569079982, 0.7138191705411233, 0.7761811128754974]}