{"pearsonr": [0.07358780087919578, 0.14375902741762941, 0.01961825913827929, 0.020627694840586817, -0.10406282186677107], "spearmanr": [0.13934669881428147, 0.16803714748111487, 0.020530969484582093, 0.1307964984613067, -0.08125100909829616], "r2": [-8.944790755002312, -8.330513483629833, -15.77839237855941, -4.2621814806193585, -6.580898057750272], "rmse": [0.6663791882577021, 0.6454704616875201, 0.8655631795066082, 0.4847373800224296, 0.5818136801537712]}