{"pearsonr": [0.061216620608425726, 0.03054878714475026, 0.017308875097323147, 0.1134996469087899, 0.013909396613330323], "spearmanr": [0.17677020274701685, 0.11000393981287068, 0.0400625475059553, 0.1198546869189674, 0.11853646568116298], "r2": [-10.840428581745067, -11.423028851392864, -15.950828028883187, -13.037878749760678, -11.070693075675175], "rmse": [0.7271220445252794, 0.7447960199394548, 0.8699996125251006, 0.7917249727035941, 0.7341582844327472]}