{"pearsonr": [0.09840060649570664, 0.15310758334103092, 0.09600629095925507, 0.0830592387746198, -0.004750144973404842], "spearmanr": [0.11314753301657551, 0.16713004685310395, 0.1107122804203096, 0.06651383181009629, -0.07032684969597014], "r2": [-11.4570199504042, -9.140494195868923, -12.870642930902532, -7.749512059022313, -12.314905313739235], "rmse": [0.7458142555849921, 0.6729040786299739, 0.7869948605681648, 0.6250510906237106, 0.7710679317631558]}