{"pearsonr": [0.06712978419868863, 0.2322869649053517, 0.09475433969425077, 0.0832384115759855, 0.005319185622908493], "spearmanr": [0.0857258718572587, 0.2115311907009647, 0.036591552043703054, 0.10153155789679057, 0.035874592569766904], "r2": [-7.767358364154445, -6.049638796422121, -10.828078310455966, -10.409924352319644, -13.070690442952005], "rmse": [0.6606333613901069, 0.5631921784482663, 0.7443576950339476, 0.6786860135271614, 0.7788384435450584]}