{"pearsonr": [0.002970762582684063, 0.03902549152636546, 0.03602560137726137, -0.037260921566123296, -0.01775948163349919], "spearmanr": [0.010044073131920385, 0.1158528628536376, 0.12855499852872848, -0.07197104302943023, -0.0521357804873717], "r2": [-7.937278634059254, -5.9828891771656, -8.145911897438733, -5.403256627936076, -13.944008685764212], "rmse": [0.6317223601570381, 0.5583945553811702, 0.6390533370584881, 0.5347170769350753, 0.816877917313155]}