{"pearsonr": [0.00017466649814512907, 0.13495201693503717, 0.0005123440154629013, 0.0424410399663457, -0.07925396083298392], "spearmanr": [-0.10632099718565913, 0.1461529024860927, -0.06095091040346515, 0.09665222068614082, -0.08809138478524481], "r2": [-15.985708466991259, -10.261349715330752, -11.041567301416537, -8.961399927956785, -7.805295297772618], "rmse": [0.870894270077577, 0.7091185119034064, 0.7332720120866753, 0.6669354287077928, 0.6270404573155407]}