{"pearsonr": [0.19380395670517203, 0.14046383845709054, -0.07670866323093771, 0.13365869718098808, 0.09650303542462871], "spearmanr": [0.15444892234270127, 0.13632763860485567, -0.056508129311664275, 0.121210569252235, 0.07002016881341869], "r2": [-8.24729896308711, -7.310515099713557, -16.525127702144665, -20.167676228708356, -9.20385541533522], "rmse": [0.6784745651227184, 0.6114868942747459, 0.9060562957483069, 0.924408880174073, 0.6632417002918635]}