{"pearsonr": [0.030742901346260416, 0.17583047849833938, 0.1230289404825122, 0.06384065023691765, -0.022354881841960553], "spearmanr": [0.023178788200469945, 0.1398406564572301, 0.1074856841889422, 0.021939322992878745, 0.061559997951597466], "r2": [-11.751271663451483, -11.930034876954789, -5.68727120818236, -10.559894365829011, -14.652861406860112], "rmse": [0.7967147751673016, 0.7627338665169342, 0.5596919430735589, 0.683131716875337, 0.8214602364760576]}