{"pearsonr": [0.08654788965687638, 0.19055202990436193, 0.0053131538226580685, -0.11889487172475816, 0.17602831946976588], "spearmanr": [0.1008062592433567, 0.1784790801965555, -0.04298605014144962, -0.06567164179104479, 0.0788459662471954], "r2": [-11.058436279811112, -8.618524495326975, -10.257433607143069, -10.266614920864129, -18.031270950313456], "rmse": [0.7747678993549872, 0.6578508037492746, 0.7261800004408147, 0.674410374112522, 0.905781762454713]}