{"pearsonr": [0.07565382784116478, 0.22275532872616693, 0.11969591703933156, 0.02267711056515601, 0.05216150030428658], "spearmanr": [0.11728925146701014, 0.2001908305901436, 0.13290898448931812, 0.06586186713491367, -0.08161652718829498], "r2": [-8.656044587073422, -9.3829304630218, -17.152408971405837, -6.369653629481159, -8.293506494101578], "rmse": [0.6933072685415573, 0.6834915577718353, 0.9221290854112247, 0.5454451131340483, 0.6329646837874506]}