{"pearsonr": [0.21672875870111838, 0.0033626834012822587, 0.004384136626260868, 0.01954472874614735, 0.11856800962935139], "spearmanr": [0.17186646471410766, 0.018861375924553482, -0.04401521802750952, 0.041030493628281636, 0.1419521777781001], "r2": [-16.2645378430018, -8.260444352354233, -10.162176795672892, -17.307507574234744, -6.8871684977602925], "rmse": [0.9270509443719419, 0.6454893707310563, 0.7231011217448647, 0.8596905007649057, 0.5831096589677697]}