{"pearsonr": [-0.0326218486204372, 0.0017881455921041074, -0.11766152157254889, 0.007346470635680027, 0.09740793967555346], "spearmanr": [-0.08414205125305277, 0.02840090250160931, -0.151762942566875, 0.07131744769153796, 0.13426445280395474], "r2": [-13.80671848423243, -10.746379302795926, -11.192753647740455, -6.941288515009634, -6.086801285496282], "rmse": [0.8131169417777894, 0.7242284987914808, 0.7378609043265542, 0.5954826160142399, 0.5625339368273989]}