{"pearsonr": [0.017881120991065192, 0.025146610192401685, 0.012891983285548832, 0.07324672124915044, 0.0609947088057374], "spearmanr": [0.06089935745018412, 0.08836157482342161, 0.08897152550836268, -0.07947918431889966, 0.11555115831773792], "r2": [-4.6730818232374585, -13.560583001223838, -6.028952688751147, -14.422081974955118, -11.798824585362585], "rmse": [0.5033071777649435, 0.8063303047636259, 0.5602332881597086, 0.8298414120819931, 0.7559771062991348]}