{"pearsonr": [0.03747069555404769, 0.20544827486115855, 0.06913827096450179, 0.12494104715397267, -0.06513584508630271], "spearmanr": [0.04466633827866623, 0.24790622562502096, 0.02692420251682763, 0.14240370111682368, 0.044576138913276754], "r2": [-11.819431290664236, -12.206248018564176, -14.192651454619584, -15.172389555595633, -14.942966788446844], "rmse": [0.7988412849395128, 0.7708376284455789, 0.8436093296170047, 0.8080060520765059, 0.8290376356843048]}