{"pearsonr": [0.04405750228708856, 0.12328458767449511, 0.07297949680117201, 0.1842719244247959, -0.015799360917330613], "spearmanr": [0.03033539293826864, 0.13451105087036275, 0.11819452554106989, 0.18385419861375205, -0.023504147795155004], "r2": [-6.927593566422105, -14.539910791801294, -6.30702282378514, -12.338989886891278, -13.960539067115688], "rmse": [0.5949689321989391, 0.833005484778007, 0.5712074093572946, 0.7717649871016169, 0.8173295890049274]}