{"pearsonr": [0.0231805791848061, 0.016311555974459414, 0.025895616359382576, 0.009863298064812507, 0.01618144652849992], "spearmanr": [0.11830943051699071, 0.0825057685386147, 0.14956820533285847, -0.06416421263477239, 0.16683399569481197], "r2": [-9.470272734833278, -12.332985591343606, -7.0981568311622265, -8.916675590122049, -17.338384720966587], "rmse": [0.6837582785184952, 0.7715912697999727, 0.6013352903225232, 0.6654365529743322, 0.9049074006592595]}