{"pearsonr": [0.04961918617060558, 0.10234312082251577, -0.0842635957439955, 0.10831816717065247, 0.020144385575534694], "spearmanr": [0.06865640311324309, 0.10062497018272028, -0.12905452204810777, 0.12170165754673726, 0.048330256352263824], "r2": [-13.157953933743805, -11.938012409506369, -12.460633296013187, -9.762634974392046, -7.728981703709904], "rmse": [0.8395109584811835, 0.7629691248151739, 0.7940673390138181, 0.6591538942865779, 0.613439119015536]}