{"pearsonr": [0.040054037787608715, 0.03132949284765744, -0.01248383992580162, -0.016004639140007815, 0.024285331463794805], "spearmanr": [0.07368130502211599, 0.07595935622985858, -0.0015930317100915567, 0.031767432807849834, 0.05525544866544778], "r2": [-5.690615255059259, -11.945509881212864, -9.189599330048974, -6.973323358403542, -16.289803026165682], "rmse": [0.5465836399480677, 0.7602968314140893, 0.6745313730414394, 0.5966824838232282, 0.8786554821991326]}