{"pearsonr": [0.005350512911028155, 0.012695241603328402, 0.002349107129181518, -0.006266816640981841, 0.0313968141814951], "spearmanr": [0.02159469516237148, 0.07242113197480873, 0.057709479743598135, 0.0036334355695333905, 0.05772436926307383], "r2": [-12.46098479735711, -6.109432918362497, -6.645010677026484, -13.385274056687447, -16.782767302855827], "rmse": [0.7752861348458124, 0.5634314442561145, 0.5842687365552565, 0.8014615100640995, 0.8910934944249468]}