{"pearsonr": [0.011646225725795883, 0.07046688117769126, -0.0017498650731605583, -0.029731338587080082, 0.04629402427248795], "spearmanr": [0.020218093542304333, 0.0902912017252206, 0.022865238238674552, -0.10628137710203331, 0.009139187936272575], "r2": [-8.51431406478335, -6.370536043653816, -15.160927685662053, -15.47453128591452, -7.378801722093142], "rmse": [0.651796976996756, 0.5736845281483808, 0.8494870130144652, 0.8576895801344935, 0.6116663047721971]}