{"pearsonr": [0.19632427744017875, 0.18470541988478703, -0.04879540897686519, 0.07345408928557466, -0.11002522928187615], "spearmanr": [0.1663688907234606, 0.20933713564778694, -0.08368705941750859, 0.09656713069555861, 0.05660681057184567], "r2": [-10.360454058199151, -15.225422934582337, -7.607147838728384, -8.778201997673282, -12.273473377824162], "rmse": [0.7520106081299698, 0.8544195855593597, 0.6349714783309018, 0.6282854742231405, 0.7564530311264591]}