{"pearsonr": [0.12429747097605312, 0.14433141670194347, 0.08607469391646828, 0.06910929293420359, 0.0224196448038046], "spearmanr": [0.126192671764689, 0.15097801592941057, 0.11776033368102114, 0.125029323768531, 0.0312596209990132], "r2": [-6.081552376206418, -7.728708752353983, -12.455145516273035, -8.523528571731914, -13.398144324986152], "rmse": [0.5623255750838462, 0.6243075709925661, 0.7751179597533437, 0.6521125296605336, 0.8018199571289841]}