{"pearsonr": [0.006077147016030476, 0.13542180212998148, 0.01715035613062065, -0.09310203065371525, 0.1340125249191276], "spearmanr": [0.00793855254997376, 0.1301035255951529, -0.06543751829089846, -0.08610452972183259, 0.06723734269827335], "r2": [-9.997515608187646, -6.103706024626552, -8.78856496757754, -22.59371980350236, -12.94933436861406], "rmse": [0.739900661482589, 0.5653477554346371, 0.6771487803839672, 0.9759458585752067, 0.7754725299907034]}