{"pearsonr": [0.09398471500429449, 0.10709890563639114, 0.12251175246105532, 0.021075126209437803, 0.10562885077656399], "spearmanr": [0.14603403305909446, 0.06585872898685911, 0.07563579614697882, 0.13933824519063892, -0.11548672322552384], "r2": [-12.536142680429213, -13.797652726692734, -7.8141118746526335, -17.68703194802608, -22.826115013458875], "rmse": [0.820868487615692, 0.8159613681502211, 0.6425602652420136, 0.8685557120774694, 1.0134825905135298]}