{"pearsonr": [0.19900745984428062, 0.18933521872580453, 0.15474752868458208, 0.04283571174100573, 0.10174702532916002], "spearmanr": [0.19484466242633455, 0.21559240203120156, 0.13192419736283775, -0.11011132101665135, 0.17959089108037365], "r2": [-11.913259459480566, -7.031967394415274, -7.730467340761374, -17.651999588869057, -19.70060059358808], "rmse": [0.8017594004983704, 0.6011517979748513, 0.6395040994526412, 0.8677411945643083, 0.9446722301032698]}