{"pearsonr": [0.16558624412219566, 0.17312194391037805, 0.14804891104806958, 0.1042187688000096, -0.014992247129668094], "spearmanr": [0.1887531472177613, 0.12582892037593627, 0.15181464224799385, 0.10967710467271488, -0.04867829645487224], "r2": [-15.5522633751782, -7.115765312688197, -13.334009950426106, -19.47527373802676, -8.629466424979059], "rmse": [0.9077260856953132, 0.6042795844693901, 0.819423543003036, 0.9091643021815523, 0.644303940590726]}