{"pearsonr": [0.01784728445328882, 0.22898988624028005, 0.17069862837374067, -0.05991934945400083, -0.06214745673629537], "spearmanr": [0.036286566552042376, 0.22561954491630648, 0.18361025956685628, -0.008852794849282997, 0.09199102526582774], "r2": [-9.85555504117697, -15.000060701154368, -8.050302444447702, -11.036961398274192, -16.18718525584417], "rmse": [0.7351096754405791, 0.8484651272998612, 0.6511126502127108, 0.6970853419168296, 0.8607797765065931]}