{"pearsonr": [-0.015505430412668483, 0.07674682723759438, 0.021009088838475364, 0.016747808068042422, 0.08409864175395955], "spearmanr": [-0.06019629772436484, 0.13818015067727976, 0.06101815773385315, 0.021420702954022677, 0.0962612735220831], "r2": [-12.275476462479274, -5.490085678960567, -5.403981358660485, -11.009350467522674, -6.618666638750022], "rmse": [0.7699254203170588, 0.5383302882583009, 0.5347473361416368, 0.7322904320185749, 0.5832611983466378]}