{"pearsonr": [0.024640068401644934, 0.007234190462555429, 0.010367489744115997, -0.016840405111677482, 0.043868750608910906], "spearmanr": [0.08842369057348216, 0.06958977332918156, 0.06088250346834879, -0.052323643988520276, 0.08082959036255781], "r2": [-17.17213178240819, -7.262168009105087, -8.971054098935163, -13.100138721611042, -5.357040153569657], "rmse": [0.9007961867882883, 0.607394159075759, 0.6672585333633004, 0.7934787362584929, 0.5327838815975571]}