{"pearsonr": [-0.046522530608223006, 0.15506907745905615, -0.17518064929293672, 0.10855262081354439, 0.11823783431312225], "spearmanr": [-0.0867971155889965, 0.15500068580427923, -0.18085352856733275, 0.11947574953025447, 0.0957665002600162], "r2": [-17.02702408751781, -6.931479623253732, -13.699831130092086, -8.51374377224248, -12.948302452052411], "rmse": [0.9473013180994106, 0.5973794633373578, 0.8298140037494617, 0.6197310302919207, 0.775443846265533]}