{"pearsonr": [0.006724098188305336, -0.016774665131418297, -0.0082649121032622, -0.00871140267771211, -0.016689120895162765], "spearmanr": [-0.0021273910294756907, -0.1432165375660024, -0.11709695522214168, -0.10417132664684205, -0.023534855218903583], "r2": [-13.057902972352052, -15.358760837208166, -7.8990143627960485, -12.092733028091194, -11.593464123797268], "rmse": [0.7922894464323978, 0.854670672827526, 0.6303685742149329, 0.7646078569697201, 0.7498876564036138]}