{"pearsonr": [0.051729277444764084, 0.057196008445088445, 0.043804321203040716, -0.0010086169270281282, 0.00874472714084352], "spearmanr": [0.08405602555452277, 0.08872073246344708, 0.0853948541797404, 0.07461412790257091, -0.02857134010250059], "r2": [-9.56463902942787, -17.69133248217344, -9.45418818176862, -9.493513381372482, -9.423829541746978], "rmse": [0.6868326493425271, 0.9135740009740905, 0.6832328780044341, 0.6845167198897416, 0.6822401131390414]}