{"pearsonr": [0.05080154090493706, 0.03220106387579011, 0.014634584959989658, 0.01646807614125819, 0.052510723950775134], "spearmanr": [0.12006083710740341, 0.08337245622561208, 0.09853160852468397, 0.06973501355417817, 0.08471045012390069], "r2": [-8.252035003873507, -12.511135981852057, -9.103982858122256, -8.199077220821614, -12.845511835275426], "rmse": [0.6427502198558552, 0.7767290222330002, 0.6716915744538321, 0.6409080589114556, 0.7862815911875961]}