{"pearsonr": [0.07493487262747682, -0.02914306488621382, 0.057362771579073935, 0.09351198433622947, 0.07908915715744513], "spearmanr": [0.12631709943452626, 0.046004864036461805, 0.10333074955098479, 0.09073582579879035, 0.10630625237483725], "r2": [-6.177425315455098, -12.914595555950367, -5.238184813194601, -10.360298783044973, -11.006343538181243], "rmse": [0.5661192743797708, 0.7882407700531573, 0.5277797448124187, 0.7122270716778895, 0.7321987499812418]}