{"pearsonr": [0.0834546435978985, 0.19186511152965585, 0.03573315273483094, 0.082150410975388, -0.0688665142071979], "spearmanr": [0.09430847764896712, 0.16165736367539715, 0.01463761418108368, 0.026875459559403892, 0.0649692712906058], "r2": [-9.227760759982905, -19.180408907680217, -10.662549252476081, -12.91744816343621, -11.517370387243588], "rmse": [0.7135368428925309, 0.9528798931479321, 0.7391308548844093, 0.7495615885827824, 0.7345920559293165]}