{"pearsonr": [0.06763323869773216, 0.2013489767793641, 0.05333721127782085, -0.10660044275919221, 0.22077052339208042], "spearmanr": [0.09709460426506368, 0.2048089308716187, 0.008633346177774037, -0.08925237690521817, 0.17044190810652618], "r2": [-11.697630465759644, -6.51130536152627, -8.36984035478047, -11.944962582857706, -11.230255079970298], "rmse": [0.7950372258144135, 0.5813409164851049, 0.6625073220317489, 0.7228994868588344, 0.726118385570032]}