{"pearsonr": [0.03654713878534391, 0.07626076441974144, 0.019793706970779378, 0.047505955733515785, 0.04544386484845468], "spearmanr": [0.12899941993906236, 0.16027135166250664, -0.11490906967863844, 0.1670681679245539, 0.09781065938551539], "r2": [-12.283664876967773, -10.738776346396262, -4.719816176426373, -7.582464412787994, -12.227131965040837], "rmse": [0.7701628316304426, 0.7239940789398845, 0.5053760260690543, 0.6190555277627959, 0.7685222463360125]}