{"pearsonr": [0.18557998154738295, 0.21802005989663395, 0.14668060375842304, -0.04111696817154732, 0.08680015803371921], "spearmanr": [0.16843184962549493, 0.19705643814703494, 0.1605794556628622, -0.027441459480826495, 0.09719795288022161], "r2": [-10.910174493583327, -10.201602708343582, -13.642765387206994, -19.906204895598176, -12.220022267404559], "rmse": [0.7699901760119561, 0.7099262987568813, 0.8282017403364091, 0.9186818112615719, 0.7549284097708646]}