{"pearsonr": [0.02446532251481514, 0.2000043209288885, -0.0028712782843840273, 0.005571087012970622, -0.10504363291747122], "spearmanr": [0.02148752445016936, 0.14969962036604842, 0.022183309839839727, 0.04286177656284468, 0.08095307774851235], "r2": [-9.138000361557708, -13.601810053570631, -8.206957521957396, -12.209674037710858, -20.33539197431907], "rmse": [0.7103988884962533, 0.8105438768297767, 0.6567236501247264, 0.7302533656876827, 0.9590472159860979]}