{"pearsonr": [0.034859555130436586, 0.049846138916859156, 0.13734021380555317, 0.02601825953936994, 0.08786467089195149], "spearmanr": [0.09794630259334121, 0.03020851844918714, 0.09191786167203202, 0.038264559555165355, 0.1066627646083309], "r2": [-15.35248390951995, -4.472048692595553, -10.261309989723438, -6.2415208438349055, -8.205366877784762], "rmse": [0.9022315032689814, 0.4961901727080347, 0.726305016022469, 0.5406826196060982, 0.6299560146833358]}