{"pearsonr": [0.01723158756733232, 0.04961441756151603, -0.013147367385270583, 0.012162000405785692, 0.08771525591639694], "spearmanr": [0.08250553446885452, 0.12579655166007972, -0.12900371967908034, 0.007963101318789263, 0.10947288023008882], "r2": [-10.240152151715453, -13.672748216898947, -6.949467130212168, -7.966059170541158, -13.606342957634844], "rmse": [0.7084508004208248, 0.8094300674333914, 0.5957891764590357, 0.6327387039163105, 0.8075963493734433]}