{"pearsonr": [0.019483658636897116, 0.007760030460563296, -0.03659133247095782, -0.039611173244191264, 0.002453052850007041], "spearmanr": [0.06149979814349885, 0.022800481632370164, -0.03313581932089106, -0.04944029768353109, -0.044330478409327634], "r2": [-13.13446202865923, -12.52132236990015, -6.72447871955637, -13.414185418779939, -19.62395562303887], "rmse": [0.7944439132993804, 0.7770217649203996, 0.5872975522668125, 0.8022664899740213, 0.9596427421136577]}