{"pearsonr": [0.017665001525425585, 0.07129658869387479, 0.026624631799630406, -0.0058085757457490795, -0.007510405667752922], "spearmanr": [0.09815855033759713, 0.12551960705674745, 0.004041258941809246, -0.11309536974535905, -0.023708209286343172], "r2": [-11.210078194835031, -7.150821806227613, -9.589626840512711, -12.357156549723452, -15.749992203709681], "rmse": [0.7383849273953195, 0.6032874620634548, 0.6876444285305585, 0.7722903501164516, 0.8648303155877703]}