{"pearsonr": [NaN, 0.0007639860936781324, 0.07811218852810785, NaN, NaN], "spearmanr": [NaN, -0.001154084734878015, 0.07482316031125798, NaN, NaN], "r2": [-5.951561447430542, -8.697933690578088, -8.98594022820976, -14.604981765583513, -12.376871384022246], "rmse": [0.5571405688415013, 0.6580565335877425, 0.6677564341951868, 0.8347477037025492, 0.7728600807408097]}