{"pearsonr": [NaN, 0.2995387058347921, 0.24161308233272868, NaN, NaN], "spearmanr": [NaN, 0.2953162782116904, 0.24089128301249507, NaN, NaN], "r2": [-5.8502666761396105, -9.780843674798652, -10.177956092679885, -19.12242626556706, -14.820115393658337], "rmse": [0.583955645450538, 0.6964654168766816, 0.7236120434945138, 0.9012965093555341, 0.8258373093688822]}