{"dpearsonr": [0.02919954892643876, 0.02889227261359961, 0.020000246351273027, 0.011654367949455966, 0.01542041110028832], "drmse": [0.2913188338279724, 0.295987069606781, 0.2991114556789398, 0.30007660388946533, 0.2954026460647583], "cpearsonr": [0.7388648294942818, 0.7321519657191835, 0.7320075616626215, 0.7394914323864189, 0.7319091227753776], "crmse": [0.28976961970329285, 0.2943768799304962, 0.2973923087120056, 0.29849931597709656, 0.29382091760635376]}