{"dpearsonr": [-0.025698589867357183, 0.022468699038187802, 0.004714939313013483, 0.00908924467749828, -0.06454649459147457], "dspearmanr": [-0.005751533754843247, 0.029991221708535194, 0.01710233353988096, 0.03487502900161908, -0.012022127740134017], "drmse": [1.1023797988891602, 1.8536149263381958, 1.8059972524642944, 1.1825273036956787, 1.5240477323532104], "cpearsonr": [0.6808829040638544, 0.680969501408997, 0.6962319148075307, 0.701750187751208, 0.6987122431165594], "cspearmanr": [0.6457858758353691, 0.6170568523546426, 0.648326072847124, 0.6442426474188179, 0.6503418875336018], "crmse": [1.1016336679458618, 1.8507797718048096, 1.8031986951828003, 1.1832365989685059, 1.5163520574569702]}