{"dpearsonr": [-0.008117283802844828, -0.009703050616380493, 0.0013596291679422914, 0.010542717827596835, 0.017211900646201282], "drmse": [0.2922445833683014, 0.3123567998409271, 0.3207973837852478, 0.3227607011795044, 0.29724758863449097], "cpearsonr": [0.7278648483982718, 0.7122815567656026, 0.72836182519185, 0.7283712196751102, 0.7368771337153154], "crmse": [0.28995248675346375, 0.30988189578056335, 0.31951603293418884, 0.3216917812824249, 0.29540419578552246]}