{"dpearsonr": [0.01962872096895874, 0.02111685400499754, 0.00681020451340014, 0.0038719447544508356, 0.008972035180735973], "drmse": [0.2935563027858734, 0.2953892946243286, 0.2952772080898285, 0.29604098200798035, 0.2950904667377472], "cpearsonr": [0.7387202607239537, 0.7318367751258691, 0.7317569473770481, 0.739083729814326, 0.7375543992088508], "crmse": [0.29213011264801025, 0.2938781976699829, 0.29359325766563416, 0.2944999039173126, 0.2935958802700043]}