{"dpearsonr": [0.008253287240714186, -0.023875319136769765, 0.014585496825998901, -0.0030708693798179986, 0.003910754809403077], "drmse": [0.30288365483283997, 0.31354260444641113, 0.32018840312957764, 0.3179381489753723, 0.30561068654060364], "cpearsonr": [0.7291836755406969, 0.7113377672201123, 0.7286657518434105, 0.725429292470106, 0.7400917260752898], "crmse": [0.30048543214797974, 0.31085798144340515, 0.3188975155353546, 0.3167704939842224, 0.30332711338996887]}