{"dpearsonr": [-0.001209557293905315, 0.007075155143887684, -0.0018999868591287868, 0.011754603070953067, 0.012183568826975374], "drmse": [0.2966001629829407, 0.3150913417339325, 0.320121169090271, 0.3198895752429962, 0.29957982897758484], "cpearsonr": [0.7281197170071696, 0.7121578357020036, 0.7265606677987774, 0.7275338874371452, 0.7371946165500761], "crmse": [0.2942022979259491, 0.31263110041618347, 0.318916380405426, 0.31875693798065186, 0.29763063788414]}