{"dpearsonr": [0.020072315468385407, -0.018493699538430303, 0.018112122180166484, -0.0008931892810108829, -0.003701969757217966], "drmse": [0.3002799153327942, 0.31060025095939636, 0.31768932938575745, 0.31893330812454224, 0.30410805344581604], "cpearsonr": [0.7289312394528735, 0.7109187577441259, 0.7291041183738237, 0.7272636452731973, 0.7409881527152071], "crmse": [0.2979198396205902, 0.3080509901046753, 0.31642651557922363, 0.3177283704280853, 0.30177295207977295]}