{"dpearsonr": [0.01082351858783129, 0.009988027340380302, 0.0028615657706201492, 0.007273252567860337, -0.00042949136755817026], "drmse": [0.29857078194618225, 0.29366588592529297, 0.2955271601676941, 0.2967962324619293, 0.29716360569000244], "cpearsonr": [0.7397005666585575, 0.739725103464479, 0.7398637721442121, 0.7400390973673575, 0.7463644536869238], "crmse": [0.2970593273639679, 0.29211145639419556, 0.29388806223869324, 0.2952110767364502, 0.295614093542099]}