{"dpearsonr": [0.008552862703742859, -0.02052941597179166, 0.02124832888838611, 0.0020717826608801556, 0.006754011245158227], "drmse": [0.3012687861919403, 0.3167552053928375, 0.32220369577407837, 0.3225709795951843, 0.29795777797698975], "cpearsonr": [0.729203933870081, 0.7113901235949152, 0.7288598331928808, 0.7265687796185454, 0.7399212490895273], "crmse": [0.2988761365413666, 0.31417250633239746, 0.3209332227706909, 0.32140517234802246, 0.29577046632766724]}