{"dpearsonr": [0.005077801651101342, 0.004827521671150555, 0.0010661162106194743, 0.0010756648937713404, -0.002342909086756048], "drmse": [0.08663229644298553, 0.08603469282388687, 0.08698397874832153, 0.08879846334457397, 0.08841580152511597], "cpearsonr": [0.7395511148847596, 0.7398280642631808, 0.740135373626467, 0.7402112381531729, 0.7388975826791743], "crmse": [0.08736514300107956, 0.08676212280988693, 0.08768431842327118, 0.08953244239091873, 0.08914836496114731]}