{"dpearsonr": [0.025310301932515208, 0.03244811019501886, 0.029146966563400968, 0.03819651062462919, 0.029316917411296647], "dspearmanr": [0.02137971292266587, 0.02698304808043253, 0.024529002822875647, 0.033398586170429026, 0.02738408552047374], "drmse": [1.3242751359939575, 1.4172899723052979, 1.1891711950302124, 1.1474710702896118, 1.2378711700439453], "cpearsonr": [0.6888618815865617, 0.6878290073187084, 0.6844329251381821, 0.6928391093270369, 0.6763654420433811], "cspearmanr": [0.6316772261923953, 0.6399936187438496, 0.6418491934808812, 0.6402172237424659, 0.6351862534239033], "crmse": [1.3250805139541626, 1.4161487817764282, 1.1894798278808594, 1.1484359502792358, 1.238739252090454]}