{"dpearsonr": [-0.019494008616032014, 0.008273393462363216, 0.009595081534302548, -0.0047133463600561795, 0.013836380689255858], "drmse": [0.29551324248313904, 0.31188884377479553, 0.31710484623908997, 0.31825652718544006, 0.2989614009857178], "cpearsonr": [0.7272695478752965, 0.7119423824167008, 0.7266208696668028, 0.7264912085398123, 0.7324547294693925], "crmse": [0.293134480714798, 0.30944183468818665, 0.31590786576271057, 0.31718963384628296, 0.29690733551979065]}