{"dpearsonr": [0.01682447040289683, -0.028133388799955892, 0.01899938304497038, -0.0016212397212094088, 0.0018101117529709468], "drmse": [0.08773887902498245, 0.09643051028251648, 0.10078427940607071, 0.10252292454242706, 0.09256137162446976], "cpearsonr": [0.7287871954861926, 0.7116261527900106, 0.7284862840506573, 0.7274514371043042, 0.7412356032487397], "crmse": [0.0879342257976532, 0.09616634249687195, 0.10109906643629074, 0.10306251794099808, 0.09214906394481659]}