{"dpearsonr": [0.0274827524210311, 0.02585328893663095, 0.03265171639575546, 0.033119465662050686, 0.02234979009044024], "dspearmanr": [0.04584284090801918, 0.04052884374670845, 0.04698328838555627, 0.04688393099669616, 0.03739335583068662], "drmse": [1.173937439918518, 1.4745224714279175, 1.4289939403533936, 1.4925284385681152, 1.652438759803772], "cpearsonr": [0.7034360667344148, 0.691803654636682, 0.6713920622611631, 0.6899839256256084, 0.6304554115654167], "cspearmanr": [0.6536637954389999, 0.6390724383358976, 0.6187180793278089, 0.6324748968888475, 0.582874718667412], "crmse": [1.1743073463439941, 1.4728199243545532, 1.4269715547561646, 1.4860674142837524, 1.6455817222595215]}