{"dpearsonr": [-0.021009917197024566, 0.0077805981659375785, 0.0664325714437593, 0.02413141487164918, -0.039363575241963204], "dspearmanr": [-0.020310551740954023, -0.0034927127494024076, 0.0825783130400463, 0.041179142802989205, -0.00929144241359898], "drmse": [1.3359851837158203, 1.4276008605957031, 1.2071902751922607, 1.1547409296035767, 1.234386682510376], "cpearsonr": [0.6723248947487716, 0.6641248153600818, 0.6707595822113068, 0.6865475596994448, 0.6741109751321535], "cspearmanr": [0.6220932139231888, 0.6175872544125923, 0.6271405477283759, 0.6220716621694516, 0.6357337129856391], "crmse": [1.335141658782959, 1.427196979522705, 1.206505537033081, 1.1557780504226685, 1.2322229146957397]}