{"dpearsonr": [0.03412206422996377, 0.01214757091174611, 0.018384721198587237, 0.02066543034169092, 0.032455579711645456], "dspearmanr": [0.04293034852853911, 0.025339277850881862, 0.027665587522078566, 0.026697032042128466, 0.040555517566835175], "drmse": [1.3016836643218994, 1.1620463132858276, 1.225598692893982, 1.4616459608078003, 1.7635471820831299], "cpearsonr": [0.6986155654463694, 0.7155233172016311, 0.6958864653037998, 0.6939761115430122, 0.6315306512747463], "cspearmanr": [0.6387355071657758, 0.6703112540628412, 0.647197589509455, 0.6439286677348427, 0.584675410115079], "crmse": [1.302256464958191, 1.1623278856277466, 1.2258113622665405, 1.4607990980148315, 1.760347604751587]}