{"dpearsonr": [0.004675902524738096, 0.005400579509526793, 0.010314678955648127, 0.008326433169370085, 0.0022209284488156193], "drmse": [0.30080628395080566, 0.2966926097869873, 0.2985903322696686, 0.29682374000549316, 0.2994116246700287], "cpearsonr": [0.7384154539544949, 0.7390358680405033, 0.7396833623139109, 0.7391896718158341, 0.7389173925895037], "crmse": [0.2996028661727905, 0.29546964168548584, 0.29717764258384705, 0.2953633964061737, 0.29799094796180725]}