{"dpearsonr": [0.004419261487037466, 0.00993405818967838, 0.008182719689339694, 0.0066228365777952335, 0.002334369403930363], "drmse": [0.29925328493118286, 0.3002011477947235, 0.3006686866283417, 0.3016834557056427, 0.29277849197387695], "cpearsonr": [0.7387462939364619, 0.7382397417605608, 0.7317325119137847, 0.7386457254767577, 0.7383445415495288], "crmse": [0.29803988337516785, 0.29880520701408386, 0.29917213320732117, 0.3002142012119293, 0.2912895083427429]}