{"dpearsonr": [0.012474674973314342, 0.04138545188283657, -0.014789455728068371, 0.018676832038361704, 0.00451015053277466], "dspearmanr": [0.03993456977251461, 0.05230109929999609, 0.00574093852335582, 0.03638670962381339, -0.0034529919365802754], "drmse": [1.1903743743896484, 1.4803805351257324, 1.3892502784729004, 1.3531153202056885, 1.431913137435913], "cpearsonr": [0.6932296001421651, 0.66743031589398, 0.6792349650399047, 0.704015074321876, 0.6662150000268425], "cspearmanr": [0.6491770358313536, 0.6158964298062459, 0.6281760914963779, 0.6466900932418482, 0.6274216856158051], "crmse": [1.1894505023956299, 1.4789303541183472, 1.3882927894592285, 1.353392481803894, 1.4238322973251343]}