{"dpearsonr": [-0.03558950083622319, -0.012822256711238069, 0.021548995952351827, 0.034903300649677546, -0.024365051748898657], "dspearmanr": [-0.036196949182764185, -0.01988798248021605, 0.03258951444669977, 0.03592044452449293, 0.005837425844646097], "drmse": [1.3167657852172852, 1.1759291887283325, 1.2399475574493408, 1.4523463249206543, 1.7873741388320923], "cpearsonr": [0.6877961038688918, 0.6893957635372744, 0.6865494856304676, 0.6881768348918423, 0.6451248907278223], "cspearmanr": [0.6308119687316616, 0.6421295567860302, 0.6396005826112993, 0.6325110097320179, 0.6019783624702282], "crmse": [1.3149003982543945, 1.175598382949829, 1.2386696338653564, 1.45045006275177, 1.7721285820007324]}