{"dpearsonr": [0.026943482671472015, 0.01722010981176738, 0.009600495614588195, 0.017859151978433206, 0.012051338940056017], "drmse": [0.2950187027454376, 0.29887235164642334, 0.2981419563293457, 0.29874977469444275, 0.2969677150249481], "cpearsonr": [0.7387652185874262, 0.7386599260976939, 0.7316160669651666, 0.7465752646219149, 0.7385467776491895], "crmse": [0.2935972213745117, 0.297359824180603, 0.2965053617954254, 0.29720717668533325, 0.295494019985199]}