{"dpearsonr": [0.028097404370028774, 0.0311433238017986, 0.031633225421451555, 0.031885085934005866, 0.029952868883550945], "dspearmanr": [0.03580140818215186, 0.042838166934555014, 0.044956997075803556, 0.04795540788438859, 0.041415764251946256], "drmse": [1.0913424491882324, 1.856858730316162, 1.8751705884933472, 1.2268725633621216, 1.5819077491760254], "cpearsonr": [0.692697698849269, 0.7020015060243853, 0.6934845766930396, 0.6942814873826482, 0.6855561920345081], "cspearmanr": [0.6479247919653792, 0.6380768109522091, 0.648387762095118, 0.6465889138777817, 0.6301700658152546], "crmse": [1.0927175283432007, 1.8517158031463623, 1.8685088157653809, 1.2259176969528198, 1.5796165466308594]}