{"pearsonr": [-0.04707970885843252, 0.04434611244391515, 0.08407074319165657, -0.00492229856394589, -0.03515688243671011], "spearmanr": [-0.03422803224555981, 0.023084021747005447, 0.09601360746405498, -0.021431608808940843, -0.03343330974194771], "r2": [-11.446001405162232, -7.118853700474988, -10.237704233004807, -9.226768937383172, -11.51912313657822], "rmse": [0.7535026548969576, 0.6533115553856748, 0.7214610280539655, 0.6361860959378687, 0.7246922685666543]}