{"dpearsonr": [NaN, NaN, NaN, NaN, NaN], "drmse": [0.29534080624580383, 0.29075202345848083, 0.30312448740005493, 0.30729082226753235, 0.30633214116096497], "cpearsonr": [0.7433436880333197, 0.7293812001532556, 0.7163250210703034, 0.721445556626387, 0.7311099843342628], "crmse": [0.2934117317199707, 0.2884702682495117, 0.3005084693431854, 0.3058284819126129, 0.30537307262420654]}