{"dpearsonr": [NaN, NaN, NaN, NaN, NaN], "drmse": [0.2995154857635498, 0.2935643494129181, 0.3022106885910034, 0.3031993508338928, 0.31110715866088867], "cpearsonr": [0.7392311619910426, 0.7234691807701764, 0.7115323003966396, 0.7127718985468396, 0.7235072929419081], "crmse": [0.2977195084095001, 0.29128336906433105, 0.29965025186538696, 0.30185627937316895, 0.3102239668369293]}