{"dpearsonr": [NaN, NaN, NaN, NaN, NaN], "drmse": [0.08706084638834, 0.08420069515705109, 0.09057530760765076, 0.09355399757623672, 0.0934324562549591], "cpearsonr": [0.7360418544741769, 0.7254694224261938, 0.7112352599030167, 0.7130623288086633, 0.7229293463186859], "crmse": [0.08734525740146637, 0.08429747819900513, 0.09020816534757614, 0.09368065744638443, 0.09373350441455841]}