{"dpearsonr": [0.007708872150967085, -0.010718061121773833, 0.011598870511246025, 0.014650917735209696, -0.0017691168572290632], "drmse": [0.2872770428657532, 0.3046249747276306, 0.3198948800563812, 0.32560187578201294, 0.2949834167957306], "cpearsonr": [0.7149296421452926, 0.703075593437451, 0.7225205805782908, 0.717161504086842, 0.7323905677462822], "crmse": [0.28538015484809875, 0.3021189272403717, 0.3198302090167999, 0.3273831009864807, 0.29370197653770447]}