{"dpearsonr": [0.04630817521286879, 0.033806083648964015, 0.046484097529395495, 0.0455994868071826, 0.04650327042621755], "dspearmanr": [0.055009108930572356, 0.03694827017377008, 0.05503482429940182, 0.05238430548498401, 0.055009108930572356], "drmse": [1.1913776397705078, 0.9689463376998901, 1.4448128938674927, 1.1166812181472778, 1.7042555809020996], "cpearsonr": [0.6935190438150235, 0.6829168308245872, 0.6749792990897403, 0.6649282147529431, 0.628551910200405], "cspearmanr": [0.6371437636631887, 0.6477763463555648, 0.6140491994219628, 0.6120263791142242, 0.5753984440788451], "crmse": [1.1819547414779663, 0.9685443043708801, 1.4213011264801025, 1.1090236902236938, 1.659165382385254]}