{"dpearsonr": [-0.01144880527843814, -0.009971926957099982, -0.010112985830448921, -0.009778700918365224, -0.015042407236786272], "drmse": [0.2888522744178772, 0.29626142978668213, 0.2955440282821655, 0.29824820160865784, 0.2888043224811554], "cpearsonr": [0.7245233854858114, 0.7266033830960484, 0.7262147093754227, 0.7255793821037497, 0.7340110024794624], "crmse": [0.28745952248573303, 0.2950783967971802, 0.2943897843360901, 0.29711440205574036, 0.28699415922164917]}