{"dpearsonr": [-0.011882009641096194, -0.011667853064679002, -0.010915410123630962, -0.011085605433638937, -0.013736691944195589], "drmse": [0.08290556073188782, 0.08365962654352188, 0.08665014803409576, 0.08593953400850296, 0.08157636970281601], "cpearsonr": [0.730798119944153, 0.7316520798604049, 0.7333492140389348, 0.7344870807791963, 0.7351194632486389], "crmse": [0.0837307944893837, 0.08450266718864441, 0.08750693500041962, 0.08682645112276077, 0.08232348412275314]}