{"dpearsonr": [0.004058192677897837, -0.00692645470501664, 0.012509511663033735, 0.016543524907597442, -0.0022485847930410496], "drmse": [0.27827396988868713, 0.3118513226509094, 0.3184833228588104, 0.3277151584625244, 0.2949734032154083], "cpearsonr": [0.7216624726943692, 0.7088671749589593, 0.7242592775337137, 0.7222850048496199, 0.7366731606347637], "crmse": [0.27635154128074646, 0.309184193611145, 0.3178994655609131, 0.32889389991760254, 0.29307883977890015]}