{"dpearsonr": [-0.010522637259873808, -0.010195846592829391, -0.009997888092801218, -0.01093502294433388, -0.011026280570174478], "drmse": [0.2973160445690155, 0.29283708333969116, 0.2990556061267853, 0.294317364692688, 0.2876226007938385], "cpearsonr": [0.7192594268053155, 0.7293192834294728, 0.7223352477047095, 0.7271876316775141, 0.7344125079894053], "crmse": [0.2963040769100189, 0.29156994819641113, 0.2981090843677521, 0.29304251074790955, 0.2857573330402374]}