{"dpearsonr": [0.00529446716622076, -0.009340902770683035, 0.009801402663671528, 0.016448792127101187, -0.0040156243286491086], "drmse": [0.2826582193374634, 0.3051813244819641, 0.31901636719703674, 0.32594239711761475, 0.2920801639556885], "cpearsonr": [0.7213258821986523, 0.7092231191541907, 0.7245631738617397, 0.7211953135278918, 0.7379019633948656], "crmse": [0.28068074584007263, 0.302471786737442, 0.31847432255744934, 0.327235609292984, 0.28998488187789917]}