{"dpearsonr": [0.004097255094256243, -0.010168183829330543, 0.010874116128043456, 0.0174023916111395, -0.0031394105649882086], "drmse": [0.08236099779605865, 0.09511107951402664, 0.10440275073051453, 0.10614103078842163, 0.08703161776065826], "cpearsonr": [0.720845447442902, 0.7085577181320746, 0.7234382200571309, 0.7241136509122967, 0.7361122411153586], "crmse": [0.0825364887714386, 0.09491248428821564, 0.10479739308357239, 0.10678470879793167, 0.08653206378221512]}