{"dpearsonr": [-0.011543692929768808, -0.013751399623703664, -0.010134821797605865, -0.010486832520923015, -0.012104851768648102], "drmse": [0.08618350327014923, 0.08493413776159286, 0.08718345314264297, 0.08367869257926941, 0.08013352751731873], "cpearsonr": [0.7278368929814109, 0.7297834882089931, 0.73232757051032, 0.7336994357979274, 0.735540306705464], "crmse": [0.0869922786951065, 0.08577307313680649, 0.08805829286575317, 0.08453399688005447, 0.0808715671300888]}