{"dpearsonr": [0.0070479661076142544, -0.014780215292136419, 0.012750796963001217, 0.014599505879029768, -0.0021625393525826478], "drmse": [0.08583573997020721, 0.09648455679416656, 0.10490477830171585, 0.10487020015716553, 0.08567100763320923], "cpearsonr": [0.7186150849265346, 0.7072767832199901, 0.7221987476816598, 0.7217358231178898, 0.7357125897061152], "crmse": [0.08603044599294662, 0.09630046039819717, 0.10532653331756592, 0.10549156367778778, 0.08519986271858215]}