{"dpearsonr": [-0.007989539761263022, 0.048475500620604295, -0.010005276965300824, 0.01822253499332883, -0.07173815816273087], "dspearmanr": [0.022482530780545674, 0.05397988380472055, 0.0037384241571415673, 0.05149442717650264, -0.016199968126061986], "drmse": [1.2066307067871094, 0.9733924269676208, 1.2736529111862183, 1.0008635520935059, 2.1538805961608887], "cpearsonr": [0.6938974495889825, 0.6707554213801936, 0.678752670577532, 0.6287326462979533, 0.6133067347946011], "cspearmanr": [0.6381133325159221, 0.6403809566653017, 0.631045578468231, 0.5555318587954323, 0.562750050337902], "crmse": [1.2031079530715942, 0.9720534086227417, 1.2663655281066895, 1.0019025802612305, 1.961382269859314]}