{"dpearsonr": [-0.014261476999919006, -0.012028054386853457, -0.010363792210426274, -0.010476786106517583, -0.010905581054272532], "drmse": [0.28953155875205994, 0.28473103046417236, 0.288528710603714, 0.29173046350479126, 0.2877095937728882], "cpearsonr": [0.7241145168467482, 0.7262393941638341, 0.7314342504983995, 0.7298374377833118, 0.733440907392559], "crmse": [0.28804224729537964, 0.2831457555294037, 0.2870278060436249, 0.2903388738632202, 0.28591206669807434]}