{"dpearsonr": [-0.011125752764756714, -0.010332669352316366, -0.010287025284359989, -0.009995607634811023, -0.010188294328084225], "drmse": [0.2808966338634491, 0.2936446964740753, 0.2882578372955322, 0.2989674508571625, 0.28548720479011536], "cpearsonr": [0.731640642621615, 0.7332761197466608, 0.7336273948283676, 0.7342127846858734, 0.7351411719956226], "crmse": [0.27908703684806824, 0.29206007719039917, 0.2866022288799286, 0.29746097326278687, 0.2837694585323334]}