{"dpearsonr": [0.005174876466720807, -0.0070110625687876925, 0.00900823093174213, 0.01795235147551477, -0.002166745334327937], "drmse": [0.2866825759410858, 0.3148042559623718, 0.32490819692611694, 0.3286397457122803, 0.2957727611064911], "cpearsonr": [0.7161743220761584, 0.7027302737526773, 0.717218050550055, 0.7139448639439602, 0.7305904168216565], "crmse": [0.28467440605163574, 0.3124965727329254, 0.32502517104148865, 0.3306376039981842, 0.2954064607620239]}