{"dpearsonr": [-0.01169543187228021, -0.010979248715048642, -0.010947781944051358, -0.01075936849081573, -0.013794619886279065], "drmse": [0.2850196659564972, 0.285820871591568, 0.2892366051673889, 0.2945505380630493, 0.2833110988140106], "cpearsonr": [0.731411222706252, 0.7334909439140936, 0.7343587985681078, 0.7337071439824934, 0.7357030723130595], "crmse": [0.28329983353614807, 0.2840670645236969, 0.28758928179740906, 0.29296228289604187, 0.28148677945137024]}