{"dpearsonr": [0.0013106766214570527, -0.003927376404726462, 0.0071018617970376174, 0.015335162474813653, -0.0003717472335704061], "drmse": [0.2961122989654541, 0.3115178048610687, 0.32699936628341675, 0.32650458812713623, 0.29449230432510376], "cpearsonr": [0.7090391584298376, 0.7062961622157985, 0.71233151141473, 0.715132676160701, 0.7305879874712178], "crmse": [0.2943982481956482, 0.30919453501701355, 0.3271733224391937, 0.32821959257125854, 0.2943795919418335]}