{"dpearsonr": [NaN, NaN, NaN, NaN, NaN], "drmse": [0.2932244837284088, 0.2872603237628937, 0.3027498126029968, 0.30193030834198, 0.30981820821762085], "cpearsonr": [0.736608489799723, 0.7201070379770509, 0.7118650185722726, 0.7144981072397876, 0.7215659182419298], "crmse": [0.29151877760887146, 0.2850866913795471, 0.30018436908721924, 0.30056917667388916, 0.3089768886566162]}