{"dpearsonr": [NaN, NaN, NaN, NaN, NaN], "drmse": [0.2989213466644287, 0.2925593852996826, 0.3030109703540802, 0.30912140011787415, 0.31091880798339844], "cpearsonr": [0.7433099658418545, 0.7293714158515084, 0.7165281387171227, 0.7215112489613854, 0.7311947032710964], "crmse": [0.296983003616333, 0.29026079177856445, 0.300392210483551, 0.30765557289123535, 0.3099362552165985]}