{"pearsonr": [NaN, 0.19106277009242142, NaN, NaN, 0.20065138988467346], "spearmanr": [NaN, 0.15601614697976096, NaN, NaN, 0.1774537209380302], "r2": [-4.571777908527433, -11.426862854753775, -12.046599681297778, -15.939348061828206, -7.123435788643869], "rmse": [0.5266511303185929, 0.7477457179504459, 0.7817596577879584, 0.8269435471486487, 0.5917790030568133]}