{"pearsonr": [NaN, 0.0026491054871749225, -0.13353447100865543, NaN, NaN], "spearmanr": [NaN, 0.012502584627845164, -0.1367590410830448, NaN, NaN], "r2": [-4.593957273476599, -10.259969713917993, -10.791130537964925, -11.970540298242915, -5.559866894681369], "rmse": [0.499784948420885, 0.7090750617595726, 0.7256067664583874, 0.7610315014588706, 0.5412166065349717]}