{"dpearsonr": [NaN, NaN, NaN, NaN, NaN], "drmse": [0.29755306243896484, 0.2920939028263092, 0.3036141097545624, 0.30887266993522644, 0.31296056509017944], "cpearsonr": [0.7433058061219553, 0.729401606755863, 0.7163097441784927, 0.7213882137749901, 0.7309811105760727], "crmse": [0.29562386870384216, 0.28980278968811035, 0.30099406838417053, 0.30741822719573975, 0.3119864761829376]}