{"pearsonr": [NaN, NaN, 0.03109373487085277, NaN, -0.0685366746522716], "spearmanr": [NaN, NaN, 0.027698033637072364, NaN, -0.07020682137174591], "r2": [-5.032511535073076, -6.045126968045458, -9.014374030066463, -12.968934081062306, -17.70209830357088], "rmse": [0.5190063611607867, 0.5608774924456995, 0.6687064377601433, 0.7897783679664288, 0.9138370629762723]}