{"pearsonr": [NaN, NaN, NaN, NaN, NaN], "spearmanr": [NaN, NaN, NaN, NaN, NaN], "r2": [-4.985652502217941, -6.963010934232719, -10.207499077648333, -17.148846519334477, -20.713624167853567], "rmse": [0.5458607557930925, 0.5985657157787647, 0.7245676543889502, 0.8559571631354074, 0.9675108279749658]}