{"dpearsonr": [NaN, NaN, NaN, NaN, NaN], "drmse": [0.2899720072746277, 0.2839958965778351, 0.2904740869998932, 0.28975945711135864, 0.2872675061225891], "cpearsonr": [0.7394745167596082, 0.7396609675743018, 0.7402974046021311, 0.7404020516672863, 0.7396992589137528], "crmse": [0.28849661350250244, 0.28248119354248047, 0.28887179493904114, 0.28818845748901367, 0.2857949733734131]}