{"dpearsonr": [NaN, NaN, NaN, NaN, NaN], "drmse": [0.29259467124938965, 0.30050307512283325, 0.311962753534317, 0.30994880199432373, 0.2946324944496155], "cpearsonr": [0.7295911424463131, 0.7130478023596969, 0.728014999100794, 0.7267864001909435, 0.7436137972449537], "crmse": [0.2901884615421295, 0.29816457629203796, 0.3108854591846466, 0.30902552604675293, 0.29231810569763184]}