{"dpearsonr": [NaN, NaN, NaN, NaN, NaN], "drmse": [0.29762768745422363, 0.29341599345207214, 0.30320894718170166, 0.3068784177303314, 0.30905380845069885], "cpearsonr": [0.7432652824192335, 0.7293885121280409, 0.7163714127949765, 0.721429195817232, 0.7310669398635818], "crmse": [0.2956945300102234, 0.29111015796661377, 0.3005865216255188, 0.3054230213165283, 0.30807924270629883]}