{"pearsonr": [0.020819123506223187, NaN, 0.10042457216367336, -0.04733941096436142, -0.09972117480160907], "spearmanr": [0.01671601574783153, NaN, 0.1045862509876313, -0.04886406808438512, -0.12087427368242634], "r2": [-10.30895032823736, -11.638407576312854, -10.667274291533902, -14.149364173602587, -12.936782337358341], "rmse": [0.7182588937284797, 0.8151155164702868, 0.7351209190872603, 0.7743051614255378, 0.7646240099145023]}