{"dpearsonr": [NaN, NaN, NaN, NaN, NaN], "drmse": [0.2941451966762543, 0.29090994596481323, 0.30052894353866577, 0.3066990077495575, 0.30933183431625366], "cpearsonr": [0.7433908621454703, 0.7294178686443434, 0.7162854369420377, 0.7213591513739758, 0.7310484543314586], "crmse": [0.2922239303588867, 0.28862446546554565, 0.29792699217796326, 0.305241197347641, 0.3083599805831909]}