{"dpearsonr": [NaN, NaN, NaN, NaN, NaN], "drmse": [0.28948280215263367, 0.30308854579925537, 0.31271055340766907, 0.30948618054389954, 0.2959720194339752], "cpearsonr": [0.729631545434539, 0.712962510758878, 0.7277811798917246, 0.7267361359282668, 0.7436354216178015], "crmse": [0.28711122274398804, 0.30073976516723633, 0.31164970993995667, 0.3085601329803467, 0.2936561703681946]}