{"dpearsonr": [NaN, NaN, NaN, NaN, NaN], "drmse": [0.2868399918079376, 0.28652825951576233, 0.29118987917900085, 0.28931015729904175, 0.2885781526565552], "cpearsonr": [0.7394020420530769, 0.739701186048504, 0.7402334355254352, 0.7403753244827146, 0.7397510862289429], "crmse": [0.28537294268608093, 0.2850100100040436, 0.28959283232688904, 0.2877396047115326, 0.28710871934890747]}