{"dpearsonr": [0.019047531624898795, 0.014449383055574814, 0.01040640457279429, 0.009317168048481764, -5.378286175096541e-05], "drmse": [0.0880741998553276, 0.08590057492256165, 0.08919045329093933, 0.08644356578588486, 0.08774299919605255], "cpearsonr": [0.7396144464339232, 0.7395540675370115, 0.7401489219583276, 0.7402160212630953, 0.7394021914266088], "crmse": [0.08874877542257309, 0.08655676245689392, 0.08983436971902847, 0.08708715438842773, 0.08840662240982056]}