{"dpearsonr": [-0.0005798281608153472, -0.012970340109393876, -0.0034690746967328116, -0.0032923633562139576, -0.013519912041665158], "drmse": [0.2970902919769287, 0.30951303243637085, 0.31156405806541443, 0.3137454390525818, 0.300191193819046], "cpearsonr": [0.7294691284554528, 0.7128066351621505, 0.7273948295663151, 0.7265553723206012, 0.743850331897184], "crmse": [0.29463061690330505, 0.30708861351013184, 0.310467004776001, 0.3127896785736084, 0.29784080386161804]}