{"dpearsonr": [-0.0013946485582702855, 0.017114185915254182, 0.0034294081574100604, 0.011725360905593204, -0.006979384549002791], "drmse": [0.0879392921924591, 0.08558983355760574, 0.0879552811384201, 0.08741819858551025, 0.08524927496910095], "cpearsonr": [0.7394041588523248, 0.7398766496651279, 0.7399557706746893, 0.7402678683748593, 0.7396490891083679], "crmse": [0.08862599730491638, 0.08623678237199783, 0.0886126309633255, 0.08808315545320511, 0.08592354506254196]}