{"dpearsonr": [0.02114427667343066, 0.004544356867197356, -0.0008125794619236815, 0.0023719478667313773, -0.006817919936237184], "drmse": [0.293277382850647, 0.2886340618133545, 0.29448050260543823, 0.2936458885669708, 0.29266759753227234], "cpearsonr": [0.7394395813101533, 0.73957823562623, 0.740078624760096, 0.7399960327752599, 0.739550751513495], "crmse": [0.29181107878685, 0.28713706135749817, 0.2928955852985382, 0.29211917519569397, 0.29118260741233826]}