{"dpearsonr": [-0.001783001856007004, 0.011538890817384089, 0.0008157980136878719, 0.015577543604659365, -0.007447748593151532], "drmse": [0.2916010022163391, 0.3085397481918335, 0.3177376389503479, 0.31478050351142883, 0.3012710213661194], "cpearsonr": [0.7296892379246501, 0.7130175407125118, 0.7277023190832502, 0.727117172635307, 0.743742280799303], "crmse": [0.2891997992992401, 0.3061254024505615, 0.3165886402130127, 0.31374937295913696, 0.29897522926330566]}