{"dpearsonr": [0.020409208135795928, 0.013883071361211372, 0.018190804687678027, 0.001670129056148092, 0.0012186768230076517], "drmse": [0.08941356092691422, 0.09602543711662292, 0.10279116034507751, 0.09913276135921478, 0.09236696362495422], "cpearsonr": [0.7299358969862516, 0.7124827634379924, 0.7279328412208648, 0.7267099492354828, 0.742726515005485], "crmse": [0.08960183709859848, 0.09580105543136597, 0.10310176014900208, 0.09966082870960236, 0.09203238040208817]}