{"dpearsonr": [0.007600365027187651, 0.008026204836959792, 0.0056085133135779005, 0.006693830895801222, 0.004109305146367923], "drmse": [0.2971900701522827, 0.2892751097679138, 0.29175466299057007, 0.2974019944667816, 0.2933836877346039], "cpearsonr": [0.7393866172045809, 0.739546138598002, 0.7399735542599197, 0.7401372691023003, 0.7396023506078002], "crmse": [0.2957479953765869, 0.2877765893936157, 0.2901804745197296, 0.29586976766586304, 0.291911780834198]}