{"dpearsonr": [-0.004445510181842151, 0.009778057453230732, -0.0015039671812026834, 0.020020727282652803, -0.007185763635375295], "drmse": [0.08941623568534851, 0.09584697335958481, 0.10158135741949081, 0.10022392123937607, 0.0896182507276535], "cpearsonr": [0.7294916771245099, 0.7129773052010109, 0.7279155837466293, 0.72737392141485, 0.7439345285164111], "crmse": [0.08961241692304611, 0.095615454018116, 0.10188760608434677, 0.10077009350061417, 0.08930777758359909]}