{"dpearsonr": [0.004521510060525722, -0.016155954228319138, 0.0023319170650238654, -0.0042013235806923925, -0.008058264998749315], "drmse": [0.0842072144150734, 0.09621458500623703, 0.10014984011650085, 0.09988073259592056, 0.09049998968839645], "cpearsonr": [0.729594103847748, 0.7127210510927343, 0.727391294882872, 0.7264138062031695, 0.7439039611009423], "crmse": [0.08440090715885162, 0.09598738700151443, 0.10045008361339569, 0.10040823370218277, 0.09021836519241333]}