{"dpearsonr": [-0.01789514169071861, 0.016627625827604714, 0.001600171520708838, -4.8793983984233034e-05, -0.010841849447991476], "drmse": [0.29587358236312866, 0.3052172362804413, 0.31607967615127563, 0.31392061710357666, 0.29999276995658875], "cpearsonr": [0.7296445166484274, 0.712831312070051, 0.7277996806346941, 0.7265436230993086, 0.7439802249565532], "crmse": [0.2934134006500244, 0.3028438091278076, 0.3149821162223816, 0.3129745423793793, 0.2976546883583069]}