{"dpearsonr": [0.017882853112479988, 0.006064178499218691, 0.014971615637759075, 0.0030920457387465933, -0.003270646996939886], "drmse": [0.2979922294616699, 0.31683266162872314, 0.3186338543891907, 0.3165544271469116, 0.29979708790779114], "cpearsonr": [0.7298783850337455, 0.7124696051169761, 0.7278339893488872, 0.7266356737869417, 0.7427636019453556], "crmse": [0.29553037881851196, 0.314422070980072, 0.3175409734249115, 0.31558144092559814, 0.2975083589553833]}