{"dpearsonr": [0.010021552100136541, 0.0074196473585014045, 0.002878771172259813, 0.00497975071738185, -0.0011420437458473977], "drmse": [0.08271759003400803, 0.08599381148815155, 0.08671071380376816, 0.08721398562192917, 0.08606839179992676], "cpearsonr": [0.7394239869477333, 0.73956099056696, 0.7399781144904848, 0.7401536569219312, 0.7394708685461524], "crmse": [0.0833696722984314, 0.08664962649345398, 0.08735733479261398, 0.0878598541021347, 0.0867428407073021]}