{"dpearsonr": [0.002138589096838162, 0.006540927692301992, 0.0036830738812271206, 0.007286080881327136, -0.0037012043845187806], "drmse": [0.29452967643737793, 0.2928347587585449, 0.29006531834602356, 0.29340967535972595, 0.2926620841026306], "cpearsonr": [0.7393129379326714, 0.7397354100867398, 0.7398654303324873, 0.7401452643806248, 0.7394028283581192], "crmse": [0.29307249188423157, 0.29131001234054565, 0.2884783446788788, 0.2918614447116852, 0.29120054841041565]}