{"dpearsonr": [0.017497967594928412, 0.01801023057874918, 0.010686611793215124, 0.01374409319423759, -0.0024492528164354256], "drmse": [0.29563745856285095, 0.3002259135246277, 0.29705163836479187, 0.2960585057735443, 0.2927584946155548], "cpearsonr": [0.7396445161179326, 0.7397180081357216, 0.7400883194162203, 0.740138711864166, 0.7318663785988481], "crmse": [0.29417717456817627, 0.2987205982208252, 0.2954724431037903, 0.2945055663585663, 0.291263610124588]}