{"dpearsonr": [-0.004178181253479075, 0.019556820687449683, 0.00016610374433059823, 0.002061199387742542, -0.004817448691620871], "drmse": [0.28906935453414917, 0.2917998731136322, 0.2958654463291168, 0.29400932788848877, 0.2939833402633667], "cpearsonr": [0.7393975219453381, 0.7399255734136646, 0.7400739826745764, 0.7401863691557787, 0.7397921042281747], "crmse": [0.2875974774360657, 0.2902752161026001, 0.29427453875541687, 0.29246214032173157, 0.2924932837486267]}