{"dpearsonr": [-0.005267155449309072, 0.003235411055222467, -0.00038288292954684295, -0.0026906819030417897, -0.0021246489870541587], "drmse": [0.29974809288978577, 0.3058370053768158, 0.31324002146720886, 0.3178207576274872, 0.30071893334388733], "cpearsonr": [0.7297064194064723, 0.712474750736197, 0.7277142830835418, 0.726104689261258, 0.7437473822068011], "crmse": [0.2972703278064728, 0.3034799098968506, 0.3121728301048279, 0.31688809394836426, 0.29837581515312195]}