{"dpearsonr": [NaN, NaN, NaN, NaN, NaN], "drmse": [0.2907516360282898, 0.2858605980873108, 0.2927110195159912, 0.28976017236709595, 0.28781139850616455], "cpearsonr": [0.7369249232864286, 0.7282219322838913, 0.7353953427562261, 0.7364019584460059, 0.7352600202649336], "crmse": [0.2893795967102051, 0.28458094596862793, 0.2912602424621582, 0.28833526372909546, 0.2865019738674164]}