{"dpearsonr": [NaN, NaN, NaN, NaN, NaN], "drmse": [0.2933172881603241, 0.30215153098106384, 0.3142026662826538, 0.3098527789115906, 0.29513588547706604], "cpearsonr": [0.7269500371313473, 0.6990332792072361, 0.7188170504344487, 0.7193634041174092, 0.7404855968009758], "crmse": [0.29090747237205505, 0.2999727427959442, 0.31325021386146545, 0.30905500054359436, 0.29287081956863403]}