{"dpearsonr": [NaN, NaN, NaN, NaN, NaN], "drmse": [0.08816465735435486, 0.08574731647968292, 0.09077592939138412, 0.09371687471866608, 0.09573818743228912], "cpearsonr": [0.7431337238417574, 0.7294875528897496, 0.7161680947445507, 0.7211625130029236, 0.7308955871789946], "crmse": [0.08846066892147064, 0.08588258177042007, 0.09040150791406631, 0.09384573251008987, 0.09604587405920029]}