{"dpearsonr": [NaN, NaN, NaN, NaN, NaN], "drmse": [0.2931477427482605, 0.29130783677101135, 0.30073899030685425, 0.3023543655872345, 0.30962082743644714], "cpearsonr": [0.743264683822928, 0.729514782103165, 0.7162429633961365, 0.7212678716550904, 0.7308382423750213], "crmse": [0.2912306487560272, 0.289010226726532, 0.2981259524822235, 0.3009229004383087, 0.3086349070072174]}