{"dpearsonr": [NaN, NaN, NaN, NaN, NaN], "drmse": [0.2906475365161896, 0.30162835121154785, 0.3123165965080261, 0.3110523521900177, 0.29748284816741943], "cpearsonr": [0.7295962011968307, 0.7129328066183057, 0.7279100968592199, 0.7266583247764359, 0.7436872278851683], "crmse": [0.288257360458374, 0.29929351806640625, 0.31125426292419434, 0.31012967228889465, 0.29515501856803894]}