{"dpearsonr": [NaN, NaN, NaN, NaN, NaN], "drmse": [0.28801414370536804, 0.2850974202156067, 0.2908112108707428, 0.29082661867141724, 0.290063738822937], "cpearsonr": [0.739502981823754, 0.7396050827883934, 0.7401745474653486, 0.7404230162025539, 0.7397637578764747], "crmse": [0.28653228282928467, 0.283581405878067, 0.2892102599143982, 0.28925472497940063, 0.28859812021255493]}