{"dpearsonr": [NaN, NaN, NaN, NaN, NaN], "drmse": [0.29421788454055786, 0.2948841452598572, 0.3015178442001343, 0.3079759180545807, 0.3091360628604889], "cpearsonr": [0.742933888682675, 0.7295113215601374, 0.7161100119278775, 0.7206827903503227, 0.730326775809588], "crmse": [0.2923092544078827, 0.29253947734832764, 0.2989032566547394, 0.3065244257450104, 0.3081549406051636]}