{"dpearsonr": [NaN, NaN, NaN, NaN, NaN], "drmse": [0.08656561374664307, 0.08443411439657211, 0.09335041791200638, 0.09507089108228683, 0.09721770137548447], "cpearsonr": [0.7427987477770711, 0.7294855435746902, 0.7161212310582485, 0.7208136383491647, 0.7301305479697929], "crmse": [0.08685862272977829, 0.08456584066152573, 0.09297417849302292, 0.09519952535629272, 0.0975218191742897]}