{"dpearsonr": [NaN, NaN, NaN, NaN, NaN], "drmse": [0.28941264748573303, 0.30267876386642456, 0.3073129653930664, 0.3071642518043518, 0.2933531701564789], "cpearsonr": [0.7295460436097573, 0.7126832487449397, 0.7277295173357662, 0.7265741973894497, 0.743660067381405], "crmse": [0.2870321273803711, 0.30032795667648315, 0.30625298619270325, 0.3062361180782318, 0.29104068875312805]}