{"dpearsonr": [NaN, NaN, NaN, NaN, NaN], "drmse": [0.28677210211753845, 0.2861311733722687, 0.2859702706336975, 0.2870660722255707, 0.2860150635242462], "cpearsonr": [0.7394494514065919, 0.7395442007619678, 0.7402276430503782, 0.7403745552089469, 0.7395519813148299], "crmse": [0.2852970361709595, 0.2846223711967468, 0.28436580300331116, 0.28549790382385254, 0.2845633029937744]}