{"dpearsonr": [NaN, NaN, NaN, NaN, NaN], "drmse": [0.2970319092273712, 0.29535630345344543, 0.3006397485733032, 0.30604323744773865, 0.3051683008670807], "cpearsonr": [0.7428544810515884, 0.7294892982350014, 0.7161016514945591, 0.720451805872712, 0.7302296497992833], "crmse": [0.2951231896877289, 0.2930050492286682, 0.29802316427230835, 0.30459046363830566, 0.30419567227363586]}