{"pearsonr": [NaN, NaN, NaN, 0.1689761309405443, NaN], "spearmanr": [NaN, NaN, NaN, 0.1808827783474607, NaN], "r2": [-6.144883671566395, -12.066663925055666, -14.75768312414173, -20.043883707728703, -17.41504094177398], "rmse": [0.5963808686232348, 0.766753103602806, 0.8591535090327553, 0.9217018587549799, 0.8909965455807799]}