{"pearsonr": [NaN, 0.019172747468788387, -0.05248922096568287, -0.061773863214965245, 0.019685811103222366], "spearmanr": [NaN, 0.020388830316178268, -0.05578076218577074, -0.06655221971129888, 0.0034622542046340455], "r2": [-6.2654949469492065, -10.869022557060363, -13.4302006312523, -15.371473651924838, -14.714013775450885], "rmse": [0.569581929940964, 0.7279994947087395, 0.8027120545691708, 0.8550027016381135, 0.8376588187272177]}