{"dpearsonr": [0.1617517352828588, 0.1814238793962197, 0.15984453301435214, 0.07572816530929762, 0.04873731235797692], "dspearmanr": [0.11053913950279382, 0.13865902907287653, 0.10357550971950584, 0.01974248416624413, -0.010250548187982567], "drmse": [4643.61572265625, 7480.68701171875, 6655.9404296875, 5404.5771484375, 5822.3623046875], "cpearsonr": [-0.21014723931305543, -0.22024510484047127, -0.20834885706769757, -0.22384128866310177, -0.2648208075386768], "cspearmanr": [-0.1981686017272161, -0.20793606640182205, -0.22732673127582703, -0.24218223920144025, -0.2820985964887244], "crmse": [4644.73095703125, 7482.7412109375, 6658.37646484375, 5405.66259765625, 5824.0654296875]}