{"dpearsonr": [Infinity, 0.09457997595767198, 0.08586640882379148, 0.10587395067989103, 0.07883455017502118], "drmse": [0.08810212463140488, 0.08402039855718613, 0.0915386974811554, 0.09436672925949097, 0.09757082164287567], "cpearsonr": [0.7434555973669887, 0.7296742460628521, 0.7166114222565116, 0.7215382330022916, 0.7312281979163022], "crmse": [0.088400699198246, 0.0841575637459755, 0.09116269648075104, 0.09449605643749237, 0.0978788211941719]}