{"dpearsonr": [0.1342019424335981, 0.05010773013212117, 0.09144402753782599, 0.1161906978199288, 0.06700540241518017], "drmse": [0.2998756170272827, 0.2937013506889343, 0.3041782081127167, 0.30787092447280884, 0.308794766664505], "cpearsonr": [0.7433978296954799, 0.7296033548993907, 0.7163797240820878, 0.7216557022377071, 0.7313017477132023], "crmse": [0.2979358732700348, 0.29138562083244324, 0.3015509247779846, 0.3064095973968506, 0.3078179359436035]}