{"pearsonr": [NaN, NaN, 0.15969899086178824, 0.13470261884662252, NaN], "spearmanr": [NaN, NaN, 0.15602211212908934, 0.13287597461543324, NaN], "r2": [-16.929329043672467, -14.94817229177228, -14.13248852814025, -13.971575534837982, -7.700110531145459], "rmse": [0.944730944578385, 0.8470882182207283, 0.8419373254757222, 0.7774299537270567, 0.6124238015302285]}