{"pearsonr": [0.010110751525568434, NaN, -0.0874519552072405, 0.003987293049511633, NaN], "spearmanr": [0.010194415158089134, NaN, -0.09194208387861522, -0.0030775592930080407, NaN], "r2": [-17.893641852448408, -13.622670896862783, -12.819818191550729, -10.354291419146064, -6.061552350330277], "rmse": [0.9185048197902832, 0.808047615684801, 0.7855516860520071, 0.712038732750147, 0.561530941547385]}