{"pearsonr": [-0.08307256751614975, -0.16855073826872696, -0.05220684159292012, -0.12047756400326445, 0.032331892271833446], "spearmanr": [-0.13116740613520347, -0.14596631840083962, -0.05527265632621209, -0.11649107404155692, -0.016710564822944106], "r2": [-1.2562428543471615e+21, -5.35151494532213e+19, -8.814918191524959e+20, -2.015035972828388e+20, -1.164227896609313e+20], "rmse": [7907931965.928124, 1551713552.704069, 6425896553.463214, 2852127384.9843097, 2240312884.46542]}