{"pearsonr": [0.06860735408609012, 0.16734127764225254, 0.04375230648444282, 0.1132513860792374, 0.03200078439182571], "spearmanr": [0.11280950336338914, 0.1440723247936644, 0.041595941859330805, 0.10267778753292364, -0.021778363086528144], "r2": [-8.134855590021832e+16, -3.632233018106087e+17, -1.7013860730383056e+16, -2.7118715615776534e+17, -1.0423628381403416e+16], "rmse": [63635732.26348401, 127838019.24672857, 28230984.49703732, 104631409.34868819, 21198207.34318811]}