{"pearsonr": [-0.015133179873839692, -0.01513315486286601, -0.015133182558413451, -0.01513313674279427, -0.015133131454987684], "spearmanr": [-0.10251121785041921, -0.10251121785041921, -0.10251121785041921, -0.10251121785041921, -0.10251121785041921], "r2": [-8.887588743688873e+21, -5.8777756687594416e+20, -2.1031987262133606e+22, -7.691922629748266e+20, -1.1102715715840168e+19], "rmse": [19921203659.187286, 5123067802.023761, 30645291398.301422, 5860586142.533943, 704106267.6036197]}