{"pearsonr": [0.11993666568314733, 0.17146366651326442, 0.07394587952590652, 0.13037798135848824, 0.032937484238405895], "spearmanr": [0.16008301130671246, 0.15203473116740612, 0.08353331382304166, 0.11589601014535167, -0.011198907423665985], "r2": [-9955963903471.723, -2739865549929158.0, -13104357333657.818, -1868785045126274.2, -3.5124352594209695e+18], "rmse": [703992.0888386354, 11102935.26879462, 783488.1824996207, 8685747.335004296, 389129216.8158991]}