{"pearsonr": [-0.053225215799483534, 0.053224223854608836, 0.05322540058034318, 0.0532252949566846, -0.05322522574423908], "spearmanr": [-0.13568762710025054, 0.13563336620442673, 0.13576432012340964, 0.13568762710025054, -0.13568762710025054], "r2": [-5.050095967066823e+21, -3.421253585137459e+16, -4.1840859690696723e+17, -2.0262246107270935e+20, -6.928358270812874e+18], "rmse": [15016662352.281412, 39085550.48869659, 136685957.6569985, 3007927701.0551763, 556209969.5386124]}