{"pearsonr": [0.061698598629895685, 0.16723684362077024, 0.04011358577746865, 0.10877622804371467, 0.03177404420938201], "spearmanr": [0.10846333667286866, 0.143041839606889, 0.03240659447858746, 0.09657594381035997, -0.02601697395376061], "r2": [-1198663094633686.2, -1.0371511331804245e+17, -2.1814726953489036e+16, -514918823718.1375, -1.6173135252953656e+18], "rmse": [7724576.688504738, 68311560.28840654, 31966823.084200643, 144177.30422453734, 264050372.89289984]}