{"pearsonr": [0.039442647338413905, 0.03944277167676126, 0.03944285945837989, 0.03944353840428167, -0.03941861504201899], "spearmanr": [0.13798899683399468, 0.13798899683399468, 0.13798899683399468, 0.13798899683399468, -0.13814824076739063], "r2": [-7.367149682632361e+17, -3.442090054648164e+19, -5.0867445772204904e+16, -2.37016764973252e+17, -11052181869311.502], "rmse": [181373296.78219697, 1239751705.7877464, 47658850.76491324, 102875778.1800897, 702502.0755211244]}