{"pearsonr": [0.009070271945531642, 0.009070261332109777, 0.009070725565520292, 0.009070498449741645, -0.009070441891413657], "spearmanr": [0.07250494245985872, 0.07250494245985872, 0.07250494245985872, 0.07250494245985872, -0.07250494245985872], "r2": [-139046665547996.66, -5.988387236845221e+16, -603479869508687.6, -6913886596267203.0, -3.1382921706705754e+17], "rmse": [2491746.687364246, 51710476.332201034, 5191047.395970572, 17570524.512705043, 118377806.10752667]}