{"pearsonr": [0.06907785800759603, 0.1683779294933506, 0.043940218287632025, 0.11351481172435589, 0.03203722758806211], "spearmanr": [0.11308143695434378, 0.14344735461094413, 0.04186420836991513, 0.102346112574383, -0.022149058628426498], "r2": [-100392411726702.38, -4971957819883836.0, -262515799964200.25, -18535831789857.848, -6983354836411846.0], "rmse": [2235509.7367951907, 14956738.47077591, 3506729.8520451803, 865034.7546912875, 17350888.974728916]}