{"pearsonr": [0.014315389862436792, 0.015000905986397738, 0.014999961812607761, 0.014967918135846234, -0.014999521255009836], "spearmanr": [0.10071412057242886, 0.10249765262646326, 0.10249765262646326, 0.10241685107507349, -0.10249765262646326], "r2": [-824939260.825146, -1231076808557.7532, -53952956732767.89, -4453177980805718.5, -9562809041938924.0], "rmse": [6069.2438530036925, 234458.60424955108, 1552141.1937458294, 14101282.941133229, 20664092.728129137]}