{"pearsonr": [0.08763710493683285, 0.16864855570485762, 0.05223576541594424, 0.12060555057767894, 0.03238431680299452], "spearmanr": [0.1351416143572527, 0.1456492362593902, 0.05482391961759829, 0.11626670568725003, -0.016305726270607748], "r2": [-108839551.11640997, -110692632980.37524, -2234795494346.507, -1168206747318763.8, -1.0047199617148675e+17], "rmse": [2327.659740579909, 70572.0187623565, 323551.5467526677, 6867321.375506115, 65813076.275222614]}