{"pearsonr": [0.04360204056679283, 0.16608307252070634, 0.020563645471405295, 0.05464728392657277, 0.02968502340548195], "spearmanr": [0.12017079337817851, 0.1430752349601641, 0.015027802165642376, 0.05263388937664619, -0.061793971319871244], "r2": [-1838919757444482.0, -3397931737530.9805, -139307710726233.8, -116131952972.19218, -2548580411027.9976], "rmse": [9567699.1670953, 391003.3757521926, 2554536.8064533537, 68470.48143502614, 331465.8922389772]}