{"pearsonr": [0.07596071082781516, 0.16968679293781422, 0.04838884952794738, 0.11749252500963914, 0.03226746702660492], "spearmanr": [0.12351509947044509, 0.145985401459854, 0.053638669398107505, 0.10836503755731149, -0.018690859428348458], "r2": [-552707364.2548561, -24286467097983.97, -311425206288.13434, -546703255367.49457, -190166749797.48627], "rmse": [5245.341254603534, 1045334.6678061356, 120781.7915481422, 148560.49804829285, 90543.43526636189]}