{"pearsonr": [0.06942444807502487, 0.1678702039312969, 0.04461176701384406, -0.11383787917305299, 0.032007470459242744], "spearmanr": [0.11461762320499974, 0.14368112208387002, 0.043244561506194525, -0.1041800799921959, -0.02193444541995903], "r2": [-1.1199491770441438e+17, -1.0433909266767839e+21, -7804975265721.883, -7.770408301975434e+17, -8.338876510623891e+18], "rmse": [74666411.51902622, 6851674294.079485, 604658.7645017249, 177112591.06686893, 599574904.747968]}