{"pearsonr": [0.0766785524554906, 0.16904755324197668, 0.04835653495220937, 0.11759706616064755, 0.208295513660017], "spearmanr": [0.1237965745909069, 0.144740231859167, 0.05218027509511268, 0.10933079699541509, 0.22117420290826953], "r2": [-1.5556541483150272e+18, -5.210677643530243e+16, -2480564550694596.5, -2.2357628867259242e+17, -10.297521997389708], "rmse": [278280418.48132753, 48419498.30779096, 10779530.688828282, 95003671.23100433, 0.6978808377011371]}