{"pearsonr": [0.05286065182961712, 0.052907482424669895, 0.05284205189451394, 0.0528925836008283, -0.052918749754302954], "spearmanr": [0.1359129277763885, 0.13592885216972808, 0.13605388814706118, 0.13592885216972808, -0.13587930961267156], "r2": [-3055685713478393.5, -8928026450259.88, -799149510004127.9, -549805690142.6313, -424878561801.9864], "rmse": [11680944.006638967, 631395.284931069, 5973620.3666670825, 156685.2862557396, 137738.70942355404]}