{"pearsonr": [0.01675433178740272, 0.016754884253039844, 0.016755400196148, 0.01675485330603663, 0.04788743970758074], "spearmanr": [0.10815788977016971, 0.10815788977016971, 0.10815788977016971, 0.10815788977016971, 0.04712512667418562], "r2": [-9.610210624130468e+18, -4.9925259503904576e+17, -5.1798880513586296e+16, -8.613773819657375e+17, -8.343586232745897], "rmse": [655073533.5463545, 149308236.41693917, 48093212.43318938, 196119298.97884592, 0.6459224796765382]}