{"pearsonr": [0.2204664185199101, 0.1728432760077437, 0.05379308588405518, 0.12074694545260337, 0.0323746814972991], "spearmanr": [0.19954009718127755, 0.15048900338724297, 0.05738464540044874, 0.1165105843332358, -0.01684713686469613], "r2": [-48028750.52841725, -28522934725213.65, -130142043008209.86, -1148498224991910.2, -75339368705987.1], "rmse": [1546.239526320156, 1132844.4622039197, 2469069.9668287234, 6809146.542390202, 1802190.3682400011]}