{"pearsonr": [0.0751974614610707, 0.16928309633557695, 0.04754496258474179, 0.11670490503007183, 0.032259642416729455], "spearmanr": [0.12305710605410045, 0.14506464386241114, 0.0500634084479563, 0.10766266705687251, -0.01864696127207102], "r2": [-3657038622185.4185, -87863081691811.4, -15670450332488.018, -30395214077350.42, -1193306424064017.2], "rmse": [426668.80900659336, 1988274.7522966247, 856772.119260921, 1107720.3136961728, 7172419.212337678]}