{"pearsonr": [0.048696235942107605, 0.16671291021970683, 0.02327296565005023, 0.06971133479664322, 0.03040273865784538], "spearmanr": [0.12060970373550879, 0.14336625161013308, 0.01797385620915033, 0.06061847624621988, -0.05218027509511268], "r2": [-4.95241550717717e+16, -2.390692205584809e+16, -2.4303388458366886e+17, -330569322359113.1, -9872734682994620.0], "rmse": [49651761.37095295, 32797067.583882436, 106698423.11387487, 3653076.6978561115, 20630436.12129283]}