{"pearsonr": [0.07550424867487338, 0.1692678355674562, 0.047548950703322816, 0.11700435745504816, 0.03221300868750583], "spearmanr": [0.12274223558036353, 0.1455130957492486, 0.04899521997853869, 0.10950638962052482, -0.018710369720027317], "r2": [-1920095019343361.2, -33486722764949.82, -1351286624787660.8, -53010224124569.234, -1.838606381002508e+17], "rmse": [9776591.801336484, 1227466.0961165875, 7956065.05912173, 1462875.400519118, 89029525.22981592]}