{"pearsonr": [0.09222132151862196, 0.16990320229729766, 0.05738673228632604, 0.1237525787671841, 0.03253032954752084], "spearmanr": [0.14083297552597682, 0.1473641524736415, 0.06292069066432543, 0.11772022241732513, -0.015652131499365916], "r2": [-5798997343910195.0, -1094339314308200.8, -4.3429242892449536e+17, -6477329270464.379, -8.817206668923245e+18], "rmse": [16990359.84287913, 7016962.939305012, 142631587.49231896, 511358.5291060752, 616531380.0831077]}