{"pearsonr": [0.017107404214864903, 0.017108237905984928, 0.017108028694179482, 0.017108085553660887, -0.017107905724355756], "spearmanr": [0.10923426080145703, 0.10923426080145703, 0.10923426080145703, 0.10923426080145703, -0.10923426080145703], "r2": [-1.152423667775684e+16, -311667842511283.1, -2.743243191725202e+16, -204687926148785.88, -1.7976074244824648e+16], "rmse": [22684524.734557595, 3730521.9320640797, 34999009.6320683, 3023219.7300124555, 28331595.124225874]}