{"pearsonr": [0.0170705358670794, 0.017071639197873637, 0.01707166017348019, 0.017072101799146058, -0.017071164427739205], "spearmanr": [0.10937286200274607, 0.10943832895314216, 0.10943832895314216, 0.10943832895314216, -0.10943832895314216], "r2": [-21905425154143.406, -816113717352486.9, -317531749498306.94, -117274016554593.44, -116726654908808.52], "rmse": [989007.1779345688, 6036690.900888647, 3765452.5424329066, 2288360.8026065975, 2283014.2393391184]}