{"pearsonr": [-0.04801957784452586, 0.01640611750474636, 0.0149562563113948, -0.03629307428297202, 0.04287472638838731], "spearmanr": [-0.09813113946276208, 0.10817884334921418, 0.1007946420896239, -0.09904649731858352, 0.099260591971717], "r2": [-3923254220300745.0, -5486989312595123.0, -1.3870048931037536e+16, -3523371280251273.0, -3.2234431162916796e+16], "rmse": [13235697.277651615, 15652750.306647575, 24886429.773973703, 12543039.942742597, 37938801.35584397]}