{"pearsonr": [0.01890558990887477, 0.01890551370017682, 0.018872259071123595, -0.018905259871775725, -0.018905574303546342], "spearmanr": [0.11631884646053815, 0.11631884646053815, 0.11613044205244764, -0.11631884646053815, -0.11631884646053815], "r2": [-5.873414655902973e+17, -8.479215800057008e+21, -138851589090206.23, -3.0337963900990423e+18, -8.350026772103932e+17], "rmse": [161945517.46727154, 19458145407.1221, 2489998.1674592197, 368058469.09843117, 193093446.47968814]}