{"pearsonr": [0.07302320066943238, 0.16886194386063158, 0.04645880752687759, 0.11587170614665088, 0.03214455634730799], "spearmanr": [0.11870139783407278, 0.14488335480177472, 0.047092966539849776, 0.10666764218125062, -0.01990537508535753], "r2": [-271249480412730.25, -401229072464.969, -749669327449262.5, -28255950978718.734, -257588763756035.47], "rmse": [3674604.3054553624, 134359.80933671922, 5925970.126978893, 1068027.6124775342, 3332369.365118553]}