{"pearsonr": [0.01593675097769229, 0.015936734618164708, 0.015936400501677942, 0.015936656474091038, -0.015947294656115732], "spearmanr": [0.10529385813842662, 0.10529385813842662, 0.10529385813842662, 0.10529385813842662, -0.10536286384289818], "r2": [-1.3867587494646019e+18, -8.9595214174836e+16, -4890592842152886.0, -8.013786306624134e+16, -991536768232.3381], "rmse": [248842214.51488742, 63250797.58072993, 14777615.220563915, 59819458.72458459, 210415.6373682068]}