{"pearsonr": [0.06204942170621693, -0.16291089330133113, 0.03456315684870928, 0.1634277466198097, 0.04501219137208548], "spearmanr": [-0.09448499594484994, -0.14064214493583319, -0.010501414496146718, 0.16562286606184762, -0.020129743439664425], "r2": [-1.5588404531758893e+17, -2.2518271310411183e+22, -4.2392392516480133e+18, -2.656486108490578e+19, -5.3689996265625395e+17], "rmse": [88090070.15490822, 31830298081.01032, 445623977.44289106, 1035574365.3292322, 152137530.5957141]}