{"pearsonr": [0.006851750700204263, 0.1729313649668071, 0.052391894592955936, 0.17059753409985445, 0.037359996640808586], "spearmanr": [-0.11824340441772817, 0.1472210295310338, 0.048614769290800906, 0.1665447273436738, -0.018417715344844408], "r2": [-2936276087336509.5, -538780438485199.56, -512340265071421.8, -782942237455325.5, -1.8952405853656656e+17], "rmse": [12089951.710812287, 4923558.378115971, 4898959.296570037, 5622019.893862785, 90390304.59485851]}