{"pearsonr": [0.053715198949879556, 0.1673041817763521, 0.025947521053935788, 0.08098120983225027, 0.030993236471922564], "spearmanr": [0.12154477362721243, 0.14346166690520487, 0.019627353428933767, 0.07239293727441225, -0.04605892108087016], "r2": [-3.2259700591246586e+17, -9.516985351025228e+18, -6466629769704620.0, -5.478554657702334e+16, -84660485207177.42], "rmse": [126723245.8365841, 654369249.2903883, 17404581.517563533, 47028433.86323386, 1910425.2629576938]}