{"pearsonr": [0.11366906368318608, 0.17115676200036142, 0.06964213202505283, 0.1289954681815448, 0.032864345320827756], "spearmanr": [0.15436763513191162, 0.15139067792567149, 0.08208955223880599, 0.11693493317725101, -0.011408643059213736], "r2": [-9808104965783.787, -140938228163597.5, -1148594507611739.5, -1.8697236727948813e+17, -6.4049391797653e+17], "rmse": [698744.9378059239, 2518184.7274854686, 7335132.350647903, 86879283.40076295, 166167918.97147453]}