{"pearsonr": [0.01912516813596227, 0.01911589009932141, 0.019123927872162397, 0.019093534071238753, -0.01912471838856705], "spearmanr": [0.11694933447831686, 0.11683078621678879, 0.11694933447831686, 0.11680424556122279, -0.11696938741807784], "r2": [-197983407135626.56, -3434154944653.778, -103230877972456.47, -1.0068514005348372e+16, -1020085958771892.4], "rmse": [2973294.9771065796, 391591.75877656986, 2146982.0365037844, 21203438.23676434, 6749039.735535553]}