{"pearsonr": [0.0638052989214637, 0.1677548558677888, 0.04100008292166077, 0.11003802741477758, 0.031814740094771754], "spearmanr": [0.10995658604074232, 0.14274128142741282, 0.03505023900107307, 0.09673690371671058, -0.02550482879719052], "r2": [-1108179920729.957, -1.7770694420621368e+18, -1.46947684566492e+17, -1232463499779130.8, -9.006675889717963e+18], "rmse": [234872.00787743428, 282764823.53039455, 82967109.60160026, 7053660.45228552, 623120362.1529692]}