{"pearsonr": [0.021046924277361073, 0.021059786929698874, 0.021059715237335765, 0.021060088596540166, -0.02105952262063662], "spearmanr": [0.12355559854486432, 0.12359275546265672, 0.12359275546265672, 0.12364229801971321, -0.12359275546265672], "r2": [-5038281303438.729, -1.2507827269359524e+19, -2.2707419242085253e+18, -4879165377253074.0, -9.296945335089573e+17], "rmse": [474312.7577961552, 747333650.4323558, 318425243.3811101, 14760340.275907146, 203748180.42198014]}