{"pearsonr": [0.07979290810264228, 0.1695377844584694, 0.050156680721725765, 0.11905837877527364, 0.03238173262713248], "spearmanr": [0.12736033586183865, 0.14599971375411477, 0.053394790752121744, 0.11215491171593019, -0.01772022241732514], "r2": [-2.099690317407542e+17, -8741622240397158.0, -219404849198599.0, -2.0898014228671784e+16, -10296228794183.479], "rmse": [102235975.40710646, 19832122.643071428, 3205883.2155599236, 29045578.251227736, 666237.031058581]}