{"pearsonr": [0.08238804288853031, 0.1688534727584887, 0.05156843947998129, 0.12006087212322776, 0.03235117174996552], "spearmanr": [0.130718954248366, 0.14571346786889935, 0.053443566481318906, 0.11531070139498587, -0.0161935420934543], "r2": [-660917148897434.2, -28505837292840.79, -5414513138870192.0, -18883712781070.06, -1.5101618715445856e+17], "rmse": [5735874.393820943, 1132504.8822277333, 15925911.305879988, 873114.5184202039, 80686602.04561517]}