{"pearsonr": [-0.04334661623311758, 0.1661158808676787, 0.02051566833794008, 0.05387896720230943, 0.02965046450617371], "spearmanr": [-0.11966032154954438, 0.14301798578312103, 0.01390108282118818, 0.052433908886937865, -0.06270607745585796], "r2": [-3.060298147219741e+21, -1.3099605128053716e+16, -7.34694185297668e+16, -4.268396429794897e+19, -4.1294375692795494e+19], "rmse": [12342638002.709297, 24277406.168101218, 58664839.67253071, 1312683090.1159277, 1334243599.7604923]}