{"pearsonr": [0.0544479141793474, 0.16734772687168042, 0.026326179779405576, 0.08257462156914007, 0.030963798432701986], "spearmanr": [0.12175945804112398, 0.14412003244120034, 0.01896888108477222, 0.07406106721295484, -0.04765388742561703], "r2": [-309736487312.6061, -336651001016.0608, -5632313005.722994, -13166509808.338335, -37470857577079.48], "rmse": [124171.60836159332, 123073.09920239937, 16243.064833926548, 23054.879160566245, 1270973.4903413467]}