{"pearsonr": [0.01683092671304834, 0.01684361572448909, 0.016777567723848044, 0.016769208475024035, -0.016835052214254638], "spearmanr": [0.10853122832513128, 0.10843509217274783, 0.10830474806430151, 0.10834839269789891, -0.10837847210754038], "r2": [-3376581832.012085, -229825976000323.44, -6457642639419.144, -2106209511452.73, -18546649210.911915], "rmse": [12278.97853081563, 3203488.408074307, 536983.0832455376, 306672.1833108272, 28777.716455377402]}