{"pearsonr": [0.01914352208368019, 0.0191434116184091, 0.01914358095357304, 0.019143513512041844, -0.019151152597248033], "spearmanr": [0.11773788684479967, 0.11773788684479967, 0.11773788684479967, 0.11773788684479967, -0.11774083580652925], "r2": [-4.186212079176716e+17, -2.8958825788250276e+18, -2.9721529649445325e+17, -1.0603507023120419e+18, -1047207201116798.5], "rmse": [136720681.18919587, 359595356.00743943, 115201777.16713099, 217594725.80269307, 6838170.266175467]}