{"pearsonr": [0.019073031048174215, 0.01907290256814522, 0.019073401278644306, 0.01907290490531705, -0.019072765508513823], "spearmanr": [0.11707908879441727, 0.11707908879441727, 0.11707908879441727, 0.11707908879441727, -0.11707908879441727], "r2": [-521047030639371.4, -3.9990245052352824e+16, -4621578800360708.0, -72449989290372.33, -700724699176537.0], "rmse": [4823497.557029606, 42257191.83132292, 14365435.001821853, 1798633.852344959, 5593676.075314517]}