{"pearsonr": [-0.0006365882026593411, 0.015342973517013891, 0.015494181554260796, 0.015494537594259835, -0.015297953163619494], "spearmanr": [0.061412531576159717, 0.10457549106110718, 0.10444101840623954, 0.10437555145584343, -0.10406178192781886], "r2": [-8252715354.6607, -306975331914247.56, -2996741413465986.5, -4386148598012324.0, -7207509055518.28], "rmse": [19196.499120672754, 3702331.8152756626, 11567732.444851555, 13994754.062679358, 567304.460959019]}