{"pearsonr": [0.04597556051391299, 0.04674758112625385, 0.04663542772588953, 0.045710723053566514, -0.04676947253478252], "spearmanr": [0.1378539343867811, 0.13797897036411422, 0.1378433181245547, 0.1378822444193848, -0.13807923506291905], "r2": [-71415986370.09662, -25634283576900.016, -3833430868327.59, -3575135635042.6157, -1411881874116.4214], "rmse": [56470.45925381367, 1069877.8405371488, 413730.3857280735, 399548.82858364953, 251086.16393538326]}