{"pearsonr": [0.01322513568290833, 0.013224838884674493, 0.013224322398824602, 0.013220527355535623, -0.013224293234467667], "spearmanr": [0.09703676529567469, 0.09703676529567469, 0.09703676529567469, 0.09708040992927211, -0.09703676529567469], "r2": [-4.931705148208948e+16, -1.44727550737424e+16, -1.2393615337781742e+19, -24463311641018.242, -8.222773326173053e+17], "rmse": [46926930.952435, 25421384.915321894, 743913785.3962457, 1045156.2553880938, 191616436.5712121]}