{"pearsonr": [0.009882238035162812, 0.0098823769921134, 0.009882359988665192, 0.009882293904545297, -0.00988231058051961], "spearmanr": [0.0757098740675383, 0.0757098740675383, 0.0757098740675383, 0.0757098740675383, -0.0757098740675383], "r2": [-122530466275073.97, -2751142537485025.5, -4.753414508959442e+16, -6.940795292727939e+17, -5.766702337193126e+16], "rmse": [2339083.0580037273, 11083582.192302747, 46070873.23207102, 176046833.58492485, 50744311.88527846]}