{"pearsonr": [0.0683885383734579, 0.16857765798533247, 0.04319997001762577, 0.11306255007906038, 0.03205822116693399], "spearmanr": [0.11263298506750632, 0.14339010543390102, 0.04335186811042825, 0.1017364159594186, -0.021861281826163304], "r2": [-38589947218332.7, -431735026744.86475, -5925538490118.3955, -2575608285733048.0, -1.0147593409113488e+16], "rmse": [1385999.9492031387, 139374.0192056014, 526851.8368286458, 10196882.702292003, 20915642.244405724]}