{"pearsonr": [0.03874235956537312, 0.03873560387855864, 0.03868579459078372, 0.03865080405853172, -0.038742961243957916], "spearmanr": [0.13796953368657963, 0.13796953368657963, 0.1378273937312151, 0.1379518399162023, -0.13796953368657963], "r2": [-722497537664.7866, -1243990180624.1768, -45313020988.09089, -56627624678.93497, -4833769290312.525], "rmse": [179614.66223034615, 235685.0723742052, 44981.621712289256, 50284.92106701436, 464586.4716650786]}