{"pearsonr": [0.048162918281315484, 0.1666235249058427, 0.02276226641450046, 0.06880848484720906, 0.030255303330637726], "spearmanr": [0.12085301273794188, 0.14220695577501072, 0.018076285240464347, 0.060755048287971916, -0.052570480928689885], "r2": [-37169750333.64592, -8582069580085.34, -587481385668.01, -791766385547.0328, -9495054478505.988], "rmse": [43015.100713566884, 621397.0649583369, 165890.54810218982, 178782.92842860756, 639791.412194046]}