{"pearsonr": [0.02165224255899998, 0.02165228658306132, 0.021634567774771588, 0.021675651547231212, -0.021652352530709268], "spearmanr": [0.1247988808100444, 0.1247988808100444, 0.12482365208857266, 0.1252441740312071, -0.1247988808100444], "r2": [-5240386755565773.0, -7.018251945497473e+17, -3.2479909233624346e+17, -2046936838743.3306, -1.6842246810355933e+17], "rmse": [15296964.90959633, 177026416.29436904, 120428978.81096573, 302326.2250222836, 86720867.56169018]}