{"pearsonr": [0.015286248090415558, 0.015285436289137902, 0.015287109080862069, 0.015287716489737325, -0.015286954614556668], "spearmanr": [0.10352566068538589, 0.10352566068538589, 0.10352566068538589, 0.10352566068538589, -0.10352566068538589], "r2": [-4604447591096424.0, -308327630575937.0, -1.2727267697265179e+17, -72137488525569.08, -1.4430265062324188e+16], "rmse": [14338785.47737916, 3710477.675990195, 75386084.97893701, 1794750.6090627995, 25384040.64699931]}