{"pearsonr": [0.017757730863586514, 0.017755033161169328, 0.017727459715995535, 0.01776012117267727, -0.017759391185134976], "spearmanr": [0.11134748677685559, 0.11141531289663535, 0.11126963418719538, 0.11134748677685559, -0.11134748677685559], "r2": [-1548444640159960.2, -3549823302777.4937, -1.4520972879408588e+16, -109558469676145.39, -25406667031394.69], "rmse": [8315175.920454506, 398131.89247646823, 25463696.974852834, 2211803.6934475293, 1065117.3234014343]}