{"pearsonr": [-0.019185303462663394, -0.05274866182759841, -0.01637168799286283, -0.019273554694940357, 0.07842968226515908], "spearmanr": [-0.09769143479963574, -0.13199257805311906, -0.09769143479963574, -0.09769143479963574, 0.09769143479963574], "r2": [-1.0907951213688265e+18, -5.4389214542018864e+22, -1.4430479615076168e+20, -1.015740535571286e+20, -8.93876688736593e+17], "rmse": [220696371.89655316, 49281054685.40634, 2538422935.439692, 2129683138.5753667, 199784782.89665905]}