{"pearsonr": [0.045285274951602825, 0.045285041872665265, 0.04528509828537834, 0.0452862422670157, -0.045286097624215746], "spearmanr": [0.13766048249732232, 0.13766048249732232, 0.13766048249732232, 0.13776428595020265, -0.13766048249732232], "r2": [-9.675985651548162e+16, -7.394976936508571e+16, -1.637199384165332e+18, -1487756002973815.2, -1428307349715286.0], "rmse": [65731146.6032043, 57463491.74709776, 270379889.72117466, 8150597.668083676, 7986094.331359837]}