{"dpearsonr": [NaN, NaN, NaN, NaN, NaN], "drmse": [0.2949064075946808, 0.2917681038379669, 0.3047458827495575, 0.3082633912563324, 0.3094784617424011], "cpearsonr": [0.7388625527319852, 0.7235560965424358, 0.7110559137960739, 0.7138336792408654, 0.7243296957742157], "crmse": [0.29313820600509644, 0.28950202465057373, 0.3021768033504486, 0.30686962604522705, 0.3085777163505554]}