{"dpearsonr": [NaN, 0.014141391067531109, NaN, 0.013257656756891039, 0.024256676326248578], "drmse": [0.28944912552833557, 0.2858893871307373, 0.2888840138912201, 0.28833872079849243, 0.2879854440689087], "cpearsonr": [0.7394397065756729, 0.7397243735612445, 0.74024651379285, 0.7403750718362563, 0.7398054469740392], "crmse": [0.28798699378967285, 0.28435954451560974, 0.28728973865509033, 0.2867656648159027, 0.2865126430988312]}