{"dpearsonr": [-Infinity, 0.012422833851042179, -Infinity, 0.006606182835126933, 0.01842617287750871], "drmse": [0.08390220254659653, 0.08200480043888092, 0.08380483090877533, 0.0833381861448288, 0.08301425725221634], "cpearsonr": [0.7394321160095569, 0.7396777878721923, 0.7402752521774495, 0.7403969374623325, 0.7397386658420525], "crmse": [0.08455940335988998, 0.08263979107141495, 0.0844351127743721, 0.08396928012371063, 0.08367273956537247]}