{"dpearsonr": [-Infinity, 0.0034680672569216745, Infinity, 0.002647457687107305, -0.000629510012393298], "drmse": [0.0854237750172615, 0.09193228930234909, 0.09693127125501633, 0.09562359005212784, 0.08735409379005432], "cpearsonr": [0.7296081379248979, 0.7128858736643103, 0.7280191230224273, 0.7267719613196677, 0.7436147805863348], "crmse": [0.08561898022890091, 0.09171736985445023, 0.09722819179296494, 0.0961340069770813, 0.08708934485912323]}