{"dpearsonr": [NaN, -0.0006617737735007067, NaN, NaN, 0.013861837492654726], "drmse": [0.2920735776424408, 0.3024406135082245, 0.3103245496749878, 0.3084859549999237, 0.2953735589981079], "cpearsonr": [0.7295742524926709, 0.7128647030754849, 0.7279875538381025, 0.7267895017352838, 0.7435764784382591], "crmse": [0.2896750867366791, 0.30010008811950684, 0.3092663288116455, 0.30756714940071106, 0.29305437207221985]}