{"pearsonr": [0.05035605583606135, 0.08865784578366297, -0.02166101697657631, -0.08709062906589234, -0.08810906477331838], "spearmanr": [0.025459335355290928, 0.07201954015130939, -0.038746837582418016, -0.07201954015130939, 0.003931984422689754], "r2": [-8.678530786151445, -9.591266797182302, -6.491177698974857, -7.964267487062237, -8.88657069482465], "rmse": [0.6573979087067577, 0.6876976723051885, 0.5783605337347199, 0.6326754808156463, 0.6644257240636409]}