{"pearsonr": [0.14873367889739397, 0.14093411057083366, 0.15316703207876634, 0.10217471036113229, 0.007146481365095032], "spearmanr": [0.152832143980174, 0.23503096500240764, 0.18908567022159486, -0.022429590124729785, 0.008866992922179172], "r2": [-8.400146427796177, -10.723169100893214, -7.5683319997444976, -11.033624415726987, -10.910629262870302], "rmse": [0.6840587956582167, 0.7262659724108208, 0.633538088218432, 0.696988709436898, 0.7165673720760081]}