{"dpearsonr": [NaN, NaN, 0.020372743346484715, NaN, NaN], "drmse": [0.28890493512153625, 0.3013516366481781, 0.30981430411338806, 0.3071132302284241, 0.2972271740436554], "cpearsonr": [0.7295813081125504, 0.7128802737325596, 0.727718272096444, 0.7268815167750053, 0.7435678891049494], "crmse": [0.28654107451438904, 0.29902106523513794, 0.30876290798187256, 0.306187242269516, 0.2949050962924957]}