{"dpearsonr": [0.01599997775603213, Infinity, Infinity, 0.012068718026054429, Infinity], "drmse": [0.08284678310155869, 0.08273734897375107, 0.08298107981681824, 0.0833849310874939, 0.08362302929162979], "cpearsonr": [0.7394612650488801, 0.7396958843032118, 0.7401886427150728, 0.7403763458125143, 0.7397058737349929], "crmse": [0.08350202441215515, 0.08337768167257309, 0.08360161632299423, 0.08401840180158615, 0.08428207039833069]}