{"dpearsonr": [NaN, 0.010941978953283938, 0.01886524139693287, NaN, NaN], "drmse": [0.286255419254303, 0.2848202586174011, 0.2883845567703247, 0.2870176434516907, 0.2898034155368805], "cpearsonr": [0.7394589390042525, 0.73971577382522, 0.7402655162742368, 0.7404080649843224, 0.7397836225704314], "crmse": [0.28478625416755676, 0.28329864144325256, 0.2867773175239563, 0.285455584526062, 0.28832828998565674]}