{"dpearsonr": [0.01606057323108154, -Infinity, Infinity, -5.578590267696042e-05, Infinity], "drmse": [0.08437278121709824, 0.09272629022598267, 0.09601516276597977, 0.09565366804599762, 0.08798711001873016], "cpearsonr": [0.7295771322572411, 0.7128619711365632, 0.7280104685967894, 0.7267875225054498, 0.7436692633440841], "crmse": [0.08456891030073166, 0.09250733256340027, 0.09630925953388214, 0.09616868942975998, 0.08771779388189316]}