{"dpearsonr": [NaN, NaN, NaN, NaN, NaN], "drmse": [0.28835147619247437, 0.28963223099708557, 0.29087594151496887, 0.29057633876800537, 0.2883365750312805], "cpearsonr": [0.7394349706069958, 0.7396871778939574, 0.7402438235845591, 0.7403678958911184, 0.7397171992709463], "crmse": [0.2868797779083252, 0.28811803460121155, 0.2892686724662781, 0.2890239357948303, 0.286866158246994]}