{"dpearsonr": [NaN, NaN, NaN, NaN, NaN], "drmse": [0.29098498821258545, 0.3062416613101959, 0.31237900257110596, 0.3107939064502716, 0.29572367668151855], "cpearsonr": [0.7295364947810986, 0.7128658411751223, 0.7280061398305461, 0.7267208911590639, 0.7436503536258426], "crmse": [0.2885989248752594, 0.3038654327392578, 0.3113120496273041, 0.30987510085105896, 0.29340672492980957]}