{"dpearsonr": [NaN, NaN, NaN, NaN, NaN], "drmse": [0.2938683331012726, 0.2943459749221802, 0.3037700951099396, 0.3048967123031616, 0.30829980969429016], "cpearsonr": [0.7432752366079683, 0.7294629552364047, 0.7161539349922127, 0.7212244665736094, 0.7306869179652854], "crmse": [0.29194945096969604, 0.29201817512512207, 0.3011457920074463, 0.3034484088420868, 0.30734488368034363]}