{"dpearsonr": [NaN, NaN, NaN, NaN, NaN], "drmse": [0.29400381445884705, 0.2945631742477417, 0.29983386397361755, 0.3071401119232178, 0.3061898648738861], "cpearsonr": [0.7434050543369932, 0.7294338643382784, 0.7162573623341537, 0.721248984720791, 0.7307898463572635], "crmse": [0.29208046197891235, 0.29223376512527466, 0.2972407341003418, 0.30568695068359375, 0.3052201569080353]}