{"dpearsonr": [NaN, NaN, NaN, NaN, NaN], "drmse": [0.2994036376476288, 0.29298707842826843, 0.3036452531814575, 0.3100515902042389, 0.31391441822052], "cpearsonr": [0.7433297287518696, 0.7294161251654889, 0.7164202088334379, 0.7213732931681226, 0.7307500853780101], "crmse": [0.29746508598327637, 0.2906893491744995, 0.30101755261421204, 0.30858471989631653, 0.3129531741142273]}