{"dpearsonr": [NaN, NaN, NaN, NaN, NaN], "drmse": [0.2982577979564667, 0.29417848587036133, 0.303978830575943, 0.3092694580554962, 0.3118278384208679], "cpearsonr": [0.7434469523589494, 0.7294644880183767, 0.7164738278434949, 0.7213705545721678, 0.7310079738425321], "crmse": [0.29631972312927246, 0.2918684482574463, 0.3013523817062378, 0.3078151345252991, 0.3108554780483246]}