{"dpearsonr": [NaN, NaN, NaN, NaN, NaN], "drmse": [0.2866172194480896, 0.2832475006580353, 0.28457051515579224, 0.29034629464149475, 0.2844786047935486], "cpearsonr": [0.7392529866382301, 0.7393720436685444, 0.7399200544724591, 0.7400446825650286, 0.7393899904764094], "crmse": [0.2851543128490448, 0.2817499041557312, 0.2829796075820923, 0.28879207372665405, 0.283038467168808]}