{"dpearsonr": [NaN, NaN, NaN, NaN, NaN], "drmse": [0.28925666213035583, 0.2997334897518158, 0.3058568835258484, 0.3105389177799225, 0.29177987575531006], "cpearsonr": [0.7293624218651676, 0.7124463432477641, 0.7271364553937651, 0.7259937465015727, 0.7437894938349572], "crmse": [0.2868729531764984, 0.2973976135253906, 0.3047967553138733, 0.30961647629737854, 0.28946825861930847]}