{"dpearsonr": [NaN, NaN, NaN, NaN, NaN], "drmse": [0.2934207618236542, 0.2951909601688385, 0.31163671612739563, 0.3108587861061096, 0.29815977811813354], "cpearsonr": [0.7255191664584989, 0.7086556810017579, 0.721227161312759, 0.7169300495292833, 0.7410295714424173], "crmse": [0.2910316586494446, 0.2929529845714569, 0.3106406033039093, 0.31011924147605896, 0.2958637773990631]}