{"dpearsonr": [NaN, NaN, NaN, NaN, NaN], "drmse": [0.290873646736145, 0.2789415121078491, 0.2902081310749054, 0.29074642062187195, 0.29077646136283875], "cpearsonr": [0.7357183042092478, 0.7350037092963673, 0.7369280537177284, 0.7349019526217031, 0.7359502829758617], "crmse": [0.2895219624042511, 0.2776769995689392, 0.2887215316295624, 0.28935500979423523, 0.2894478142261505]}