{"pearsonr": [NaN, 0.06231811131819716, NaN, NaN, NaN], "spearmanr": [NaN, 0.08676408173874461, NaN, NaN, NaN], "r2": [-14.034440503401921, -10.790294310675836, -5.294943672282558, -15.618504406834003, -10.991789781457761], "rmse": [0.828158568051786, 0.7872910331345359, 0.5399704600073257, 0.8109814485251863, 0.7092652392372855]}