{"pearsonr": [0.03753298559372305, 0.0690804377400173, 0.03338945968228533, 0.03623458674430432, -0.007674107839168131], "spearmanr": [0.05637463359972552, 0.07611097342331968, 0.05314723754442853, 0.054495308548326, -0.05741120530341702], "r2": [-10.366444410094033, -4.999213066420023, -11.145468678072808, -4.782993564172253, -10.056001775377666], "rmse": [0.7124196938187533, 0.5175719642595737, 0.7364287576644317, 0.5081593896255044, 0.7026234660366193]}