{"pearsonr": [0.19519471466870217, 0.15545994882911732, 0.048908291490361855, 0.16970207502378135, 0.07165961476456603], "spearmanr": [0.15923043457117106, 0.14645125528761982, 0.0753295117414747, 0.17379407224691268, 0.05302579840655274], "r2": [-9.970318020871073, -5.840918200756496, -12.411671698908737, -7.042414402210257, -12.226228339701384], "rmse": [0.7389851833569667, 0.5547922436053686, 0.7926218563579168, 0.5697977636460223, 0.7551055876329895]}