{"dpearsonr": [NaN, NaN, NaN, NaN, NaN], "drmse": [0.2945137023925781, 0.2930101454257965, 0.2982772886753082, 0.30000150203704834, 0.30786749720573425], "cpearsonr": [0.7429142984197983, 0.7294793274614235, 0.7161095392639885, 0.7206932507626229, 0.7301683671557557], "crmse": [0.2926066815853119, 0.29067835211753845, 0.29567912220954895, 0.29855793714523315, 0.3069128394126892]}