{"pearsonr": [0.07945211339828823, -0.0790788194452404, 0.09465184686429087, 0.08071138808164427, 0.0851052876080245], "spearmanr": [0.10254415654266548, -0.09939174239713436, 0.1041623024503267, 0.10467566645175234, 0.10298424247000254], "r2": [-7.102269952524695, -6.686363624584706, -7.025270886098031, -4.135487560905241, -7.64513970436421], "rmse": [0.6014879825399774, 0.5858468016897735, 0.5986230709499674, 0.47886648329740666, 0.6213118090542753]}