{"pearsonr": [-0.02982439008973044, -0.10665491644084261, -0.023431012256689997, -0.17164927516991063, 0.06825092504104784], "spearmanr": [0.15210551305423256, -0.07605680168421534, -0.01132572431957858, -0.17816341771824606, 0.10795348389129109], "r2": [-6.92869230619992, -7.6473346501402375, -8.129486913596612, -6.210656514867624, -9.506185103409575], "rmse": [0.6282419091239997, 0.6237553953155892, 0.6539548604864972, 0.5395291584749334, 0.6729955614571507]}