{"pearsonr": [NaN, 0.035019242626470395, NaN, NaN, NaN], "spearmanr": [NaN, 0.020696019497315227, NaN, NaN, NaN], "r2": [-7.840028803609243, -10.657262669000003, -9.573240163757246, -10.041685449825415, -19.9382038785379], "rmse": [0.6350335990876776, 0.7828368724294946, 0.6998067481124622, 0.6610474540024761, 0.9372088579048206]}