{"pearsonr": [0.07273281983689532, NaN, 0.20260494143149985, NaN, -0.11495675188096857], "spearmanr": [0.0827840779892609, NaN, 0.21002976632762027, NaN, -0.10715804404470422], "r2": [-6.555393652094987, -6.6766815371983075, -7.959020952120943, -18.049919187864518, -10.483483744172474], "rmse": [0.5870815233683239, 0.6352720443099545, 0.6441757230661936, 0.8682834440987579, 0.6940703664467301]}