{"dpearsonr": [NaN, NaN, NaN, NaN, NaN], "drmse": [0.2950204014778137, 0.29235830903053284, 0.3015401363372803, 0.3046746551990509, 0.31246376037597656], "cpearsonr": [0.7429661093158872, 0.7294653101589411, 0.7161168072436637, 0.7207630017908934, 0.7302351998906637], "crmse": [0.2931065261363983, 0.2900378704071045, 0.298923522233963, 0.3032263517379761, 0.3114739656448364]}