{"pearsonr": [0.20092326611173195, NaN, 0.18895256386017667, 0.2171471544328263, NaN], "spearmanr": [0.21014419797273928, NaN, 0.20317165150875918, 0.24774939783135616, NaN], "r2": [-10.056293394730739, -8.153933530677552, -16.563955083064876, -9.585658216128559, -8.234569521802328], "rmse": [0.7418752787601613, 0.6417665235445771, 0.9070594362002414, 0.6537119899101479, 0.630954443895597]}