{"pearsonr": [-0.0011177069341793862, NaN, NaN, 0.08194391191950419, NaN], "spearmanr": [0.004039296572073053, NaN, NaN, 0.08059358398564807, NaN], "r2": [-10.45901254568365, -7.162401956405638, -15.198837009089186, -6.799462794991225, -6.528325629415247], "rmse": [0.7153147785019879, 0.6037158654790673, 0.8504827669534089, 0.5901412138507989, 0.5797927736482976]}