{"pearsonr": [0.14161773240564177, NaN, 0.1704476711594296, 0.12047041762800088, NaN], "spearmanr": [0.14009613198182616, NaN, 0.15173579036730117, 0.12516059544421454, NaN], "r2": [-9.524394004638504, -7.657798658272949, -9.250612784352088, -10.490932337155325, -15.078971093352237], "rmse": [0.7238101540085641, 0.624132679671805, 0.6929461736299, 0.6810910139797234, 0.8325662525628972]}