{"pearsonr": [-0.01995251128254231, NaN, 0.026118540170624673, NaN, NaN], "spearmanr": [-0.021542915051056283, NaN, 0.030775592930080406, NaN, NaN], "r2": [-9.886546250058933, -6.696160696668833, -8.095390758621079, -7.526525470151725, -12.609383075374682], "rmse": [0.6972181132302762, 0.5862200442181593, 0.6372858582074887, 0.617034783981064, 0.7795479245566717]}