{"pearsonr": [NaN, NaN, NaN, -0.020062540091665405, NaN], "spearmanr": [NaN, NaN, NaN, -0.035147838446662985, NaN], "r2": [-7.333253848654779, -14.591835243410216, -9.21184010621658, -6.161585023238906, -17.437069544149658], "rmse": [0.6165625892388675, 0.9053606204409161, 0.6877428445154209, 0.5323772977892958, 0.8794529689858727]}