{"dpearsonr": [NaN, NaN, NaN, NaN, NaN], "drmse": [0.2891342341899872, 0.2891969680786133, 0.28566551208496094, 0.2894267439842224, 0.28776034712791443], "cpearsonr": [0.7361229784771826, 0.735839489732272, 0.7320343647106828, 0.7361846824324677, 0.735529265602491], "crmse": [0.28777050971984863, 0.2878037095069885, 0.2842799723148346, 0.28799113631248474, 0.28645938634872437]}