{"dpearsonr": [NaN, NaN, NaN, NaN, NaN], "drmse": [0.2916965186595917, 0.3057073652744293, 0.30687105655670166, 0.3095051646232605, 0.2950781285762787], "cpearsonr": [0.7259464115118003, 0.7075184407756034, 0.7147379337957874, 0.719199408142075, 0.7409906387128139], "crmse": [0.2893182337284088, 0.3033755421638489, 0.30599409341812134, 0.30870142579078674, 0.29280826449394226]}