{"pearsonr": [0.14824603806406123, -0.06292171986134754, 0.23841613015670213, 0.13458142187683653, 0.024593918886149712], "spearmanr": [-0.05562711702685939, -0.18068794427746768, 0.16675934055214128, 0.12341722758755244, -0.002507072480733587], "r2": [-8.070985800786131, -8.401270742519396, -14.47592414871428, -21.711879549014213, -7.7414549230100445], "rmse": [0.6719753863171264, 0.6503789280912231, 0.8514377137976376, 0.957533671677522, 0.613877247393974]}