{"pearsonr": [0.18890539489370764, 0.11702510780476696, 0.073434594553689, -0.15028635700059018, 0.03742090229919435], "spearmanr": [0.07153761748008206, 0.09104050379275797, 0.002014437615842357, -0.17639254706857868, -0.054784899034240574], "r2": [-13.869205452766222, -7.856481090252858, -9.245002432764965, -16.47060248412734, -17.027716567622566], "rmse": [0.8603397783075858, 0.6312534748953427, 0.6927565164922616, 0.8398108047032837, 0.8815765646686426]}