{"pearsonr": [0.22470219024928556, 0.03850812820388434, 0.0869244822268475, 0.17627017265629266, 0.08945508581831998], "spearmanr": [0.03541894947616963, 0.011207444511168152, 0.04853958734585106, 0.1673933516393792, 0.05069024372350486], "r2": [-10.466532738073475, -5.131931671821082, -6.916457284443204, -15.521863529365195, -12.924661070245165], "rmse": [0.75551341432547, 0.52525698370408, 0.6089617619116515, 0.8166896128886373, 0.7747864064519321]}