{"pearsonr": [-0.008754610950725567, 0.08859714989632543, 0.03294080884424246, 0.1852403045019113, 0.09188506622409842], "spearmanr": [-0.06195281631110051, 0.09911278491889099, -0.014329093908464602, 0.14408697662936915, 0.08980533329709872], "r2": [-13.40942150540295, -10.126802747969025, -15.87101803594011, -20.71311129641706, -14.520019441044242], "rmse": [0.846933662572449, 0.7075520221897734, 0.8889866345614651, 0.9362429188128818, 0.8179670442267273]}