{"pearsonr": [0.1987886998445779, 0.04259506905962867, 0.0815489708379024, 0.08952258555523676, -0.033501207322950116], "spearmanr": [0.1691331520442727, 0.09295835122370115, 0.08952297336845187, 0.06695932104184958, 0.04501512047605112], "r2": [-5.324387725176725, -16.879581065343636, -16.99119881107402, -12.305391972338295, -13.069634929530643], "rmse": [0.5610936653504862, 0.896916164978619, 0.9180252746265819, 0.7328943157487301, 0.7788092306982853]}