{"pearsonr": [-0.0031256781756949193, 0.002404981884940899, -0.0036345054261755078, -0.0054434294633339654, 0.0008335049140427207], "spearmanr": [-0.012605631809152633, -0.0006682348264469487, 0.03590891718843629, -0.024420941874784722, -0.01767961536102369], "r2": [-11.588402542219013, -14.21280960043237, -5.676441452173827, -10.789433406150051, -12.624861522047334], "rmse": [0.7497369433443771, 0.8241918489764986, 0.5460043751236285, 0.7255545452299298, 0.7799911026945896]}