{"pearsonr": [0.049658698836566, -0.037855010124692265, 0.006961706919729596, 0.1525718295744464, 0.15117455362018514], "spearmanr": [0.1219741424550355, -0.02483183054243595, 0.027309530777485127, 0.04050824309823432, 0.06430104380060483], "r2": [-11.412266277134743, -9.053421287386772, -14.895293580187758, -9.634664383576963, -10.685445678086568], "rmse": [0.786052700356974, 0.6725585885203511, 0.8628968102033301, 0.6552234182359242, 0.70976130119822]}