{"pearsonr": [0.015798300546447763, 0.0011681860857077418, -0.002161062897085637, -0.004433560350856801, 0.0002411867002991093], "spearmanr": [0.040689773944389655, -0.000632257394816433, -0.016354354371180442, 0.00852367898310363, 0.0377408122148354], "r2": [-9.17072002984581, -12.23536339858756, -9.386194867859615, -8.073690059497716, -8.392654013296234], "rmse": [0.6739061971118696, 0.7687613403409128, 0.6810074039246535, 0.6365251538095396, 0.6476162876220712]}