{"pearsonr": [-0.004003170058245639, 0.13425637176596264, 0.11220316841661705, 0.20099824625051588, 0.04151434350309444], "spearmanr": [0.08111254234053718, 0.12452650159820619, 0.18697200273144085, 0.18199687835333142, -0.07442200760901375], "r2": [-18.663355527080842, -7.6722973188201085, -14.245102204110678, -20.27055254638683, -13.96881723732119], "rmse": [0.9893613443293089, 0.6246550585641162, 0.8450643033387938, 0.9266525018335946, 0.8033104541372308]}