{"pearsonr": [-0.15694062252116714, 0.03931750966216182, 0.06363457600519258, 0.16952332463663827, 0.03290099702204705], "spearmanr": [-0.01831496588903201, -0.10402175468727635, -0.09707833382109064, 0.17101746171105262, 0.015393620134621014], "r2": [-9.198163641303353, -16.37418729390105, -6.258967398701896, -15.379669333200113, -10.817389981743045], "rmse": [0.7125036775911308, 0.8841489416905942, 0.5831254681283806, 0.813167629223428, 0.7137571302724582]}