{"pearsonr": [-0.03411473824749845, 0.2036604047870847, 0.09972899536608161, 0.1412184002170561, -0.0327074036401218], "spearmanr": [0.059000047707647524, 0.16252087209579694, 0.08879621500341431, 0.12030533606477418, 0.02044678567944591], "r2": [-13.860981783192939, -11.907197020773907, -16.697625519256903, -17.09157363026282, -12.157078842822964], "rmse": [0.8601018325542308, 0.7620599741011911, 0.9105044807824947, 0.8546055103811582, 0.753129075618658]}