{"pearsonr": [0.18095558389745942, 0.005342037732353657, -0.09378556420233863, 0.16645816372270397, 0.03064626501974381], "spearmanr": [0.005433970045606595, -0.10196614297028346, -0.04703851609136623, 0.1686548283065821, -0.02826688281155256], "r2": [-12.090659721179641, -6.194841882446204, -11.320993836187256, -16.837351418539104, -10.329897860970524], "rmse": [0.8072478352203759, 0.5689627171975266, 0.7597093246171894, 0.8485798227028634, 0.6988800979998654]}