{"pearsonr": [0.25022247934320807, 0.07218160425444879, 0.19160852228007377, 0.14361033530257697, 0.03194622751687254], "spearmanr": [0.10684486292076867, -0.08024398863578608, 0.09389242991198996, 0.1264009348761836, 0.021886603803873358], "r2": [-15.042825008942046, -15.058162852473263, -10.145117936850845, -14.692978346528983, -6.56249535725773], "rmse": [0.893648118339682, 0.8500042769537834, 0.7225483623368715, 0.7959397686241755, 0.5709817619371814]}