{"pearsonr": [0.09781120743204362, 0.19491445545322017, 0.09272615286598171, 0.0637004714140132, 0.025480924290004633], "spearmanr": [0.131150331152247, 0.1229505944743335, 0.09516293742485439, 0.05264808006284297, -0.05155164378996707], "r2": [-4.371718618610397, -9.13984229411281, -10.303252143670946, -12.452173413197501, -14.104684371231787], "rmse": [0.5171097778406982, 0.6754431197319051, 0.7276563013192684, 0.7369257724655479, 0.8069479139275888]}