{"pearsonr": [-0.012048062978687865, 0.02290867989520298, 0.018350552282390794, 0.016952344114912372, 0.019423463579875552], "spearmanr": [0.00268426450914928, 0.08012756516086965, 0.04926010455121999, 0.025005523111260013, 0.05487540980553065], "r2": [-12.510599018759953, -6.626610060968875, -12.908695696368204, -10.387846810405795, -6.677435713772077], "rmse": [0.7767135875958971, 0.5835651808652172, 0.7880736432794732, 0.7130901022651519, 0.5855064647019962]}