{"pearsonr": [0.06497334707748362, 0.07508405116199666, 0.09607057266832661, 0.1264521286857064, 0.037934667836796124], "spearmanr": [0.012087001056935068, -0.017637600895850432, 0.07321176433753317, 0.09436979848806233, -0.01067499535284882], "r2": [-6.182049225632526, -14.471802592805624, -8.716856117789685, -9.199440376538227, -8.905177658463995], "rmse": [0.5979299544764665, 0.8343411040340173, 0.6746639004219548, 0.6416758410389233, 0.6534627116423504]}