{"pearsonr": [-0.03455966919354682, 0.0028611458905652034, 0.003584839130927926, 0.0031808117398361853, -0.004112313927781797], "spearmanr": [-0.011533106651186308, 0.08863804866715766, 0.047456103632977406, -0.01276010571838866, -0.00476277404437406], "r2": [-11.492934308824713, -13.399152363639978, -9.086860611793758, -13.29712365028422, -15.033249865413953], "rmse": [0.7468885960916642, 0.8018480250294523, 0.6711222076386677, 0.7990021296653705, 0.8461247146564573]}