{"pearsonr": [0.000721204705559094, -0.00062328601761115, 0.0012095264632607861, -0.005873659498975831, 0.04780402072579134], "spearmanr": [0.035673590042417866, -0.009054492094423394, 0.005160093234374041, -0.002819207413453871, 0.0298924454677997], "r2": [-9.657028036828692, -11.14192216955118, -10.502932163216762, -8.60733864548523, -13.782775779013434], "rmse": [0.6898293280644047, 0.7363212302556006, 0.7166842815938983, 0.6549756429873805, 0.8124592641248114]}