{"pearsonr": [0.027290350999506524, -0.020643452539541286, 0.034948291214993495, -0.015431523905915463, 0.026285509875493336], "spearmanr": [0.05789696580249586, 0.0398800808529689, 0.027107434973400457, -0.05430501159418985, -0.006943814644024775], "r2": [-13.468493542513556, -9.021845187530749, -14.020582620626197, -15.976637626533012, -11.411771385053761], "rmse": [0.8037764131690911, 0.6689558332598551, 0.8189681072001513, 0.8706616981496083, 0.7444584848443553]}