{"pearsonr": [0.02333755550388433, 0.03525443679839127, 0.024277047369493265, -0.0011273171132837418, -0.0038343483575312134], "spearmanr": [0.06753948069963527, 0.07668362123063711, 0.16024422121459478, 0.026829653815484647, -0.01668227650408844], "r2": [-19.362513476116135, -6.811572328552009, -13.641968987411449, -15.469425852018027, -13.681608919128113], "rmse": [0.9535408270326861, 0.5905991661036554, 0.8085806453424325, 0.857556671443993, 0.8096744332547721]}