{"pearsonr": [-0.00606562496340187, -0.007385676497473798, 0.013425205393935343, -0.02172268627955692, 0.00386647410347425], "spearmanr": [0.039767471139691354, -0.09157637658983499, 0.025293224604974233, -0.07728939397398826, 0.09839311958394575], "r2": [-12.839247635302922, -6.557441237015914, -9.70013825875987, -12.478370524785324, -5.697318835996698], "rmse": [0.7861037002430155, 0.5809128586097906, 0.691223182006217, 0.7757866392371932, 0.5468573928240936]}