{"pearsonr": [-0.012706595913973703, 0.0005417972043131642, -0.013085465798885207, 0.00589349844549602, -0.01115497659911517], "spearmanr": [-0.014769763771352916, -0.007116755455536214, -0.06390016627390445, 0.10096318725193235, -0.10515577434649667], "r2": [-8.673912690775463, -5.166245655282311, -6.704601619500473, -9.338257216572424, -9.642372190597456], "rmse": [0.6572410518168682, 0.524727724893801, 0.586541430577122, 0.6794339859179648, 0.6893548284752257]}