{"pearsonr": [-0.0016094677392598411, -0.05645843087909269, -0.02356781855607674, -0.013785056319263281, 0.04550600842229144], "spearmanr": [-0.06489301139785685, -0.03583556815145134, -0.059678072242422574, -0.02728940402503445, -0.06004433698797901], "r2": [-10.83987003313781, -4.344823015148839, -5.767347580318227, -11.428001228336747, -10.530683825954503], "rmse": [0.7271048940567717, 0.4885289047630819, 0.5497089928556277, 0.7449450591190027, 0.7175482873367148]}