{"pearsonr": [0.019459590294029876, -0.0018189473554742824, -0.005836687711768554, -0.016720013204188117, 0.0016124811152002155], "spearmanr": [-0.01974623923519175, -0.07856664549355989, -0.05599894505216674, -0.05121924613040021, 0.02543034376726943], "r2": [-8.136057409765174, -12.41202941168877, -12.568352963555913, -16.410517775731382, -8.31338025193639], "rmse": [0.6387089624035253, 0.7738750566927117, 0.7783719314160739, 0.8817174657423497, 0.6448775641771217]}