{"pearsonr": [-0.007389876456034956, -0.002780157960961154, -0.038215993036945436, -0.012089791124706543, 0.005296239303591808], "spearmanr": [-0.034324326798932714, -0.12456996374230543, -0.022397583893677356, -0.06708363701616445, 0.06456073448664987], "r2": [-14.180661253479993, -6.9761296922885965, -17.049914841546503, -8.134045001569001, -11.186685509722384], "rmse": [0.8233205300238619, 0.5967874803775491, 0.8977619173920341, 0.6386386140091359, 0.7376772707044297]}