{"pearsonr": [-0.030424826662651207, -0.026327223436340016, 0.008030900733678813, -0.011885289069943602, 0.0030126768142215614], "spearmanr": [-0.08191571124976439, 0.012989405035625866, 0.03447223861078394, -0.0020562480739487144, 0.028059741937728016], "r2": [-4.297354216025742, -8.032646062944655, -9.02366087813564, -9.282830281918958, -11.521303918003653], "rmse": [0.486354688780698, 0.6350838908190836, 0.669016428977997, 0.6776101990971918, 0.7477361520560858]}