{"pearsonr": [0.03890858580591021, 0.00036611139180496837, -0.011593981207987764, 0.07102278490060492, 0.02898841936231237], "spearmanr": [0.07994204691872699, 0.05133294741202842, 0.054703615638898404, 0.10422265401650187, 0.08007239121936359], "r2": [-10.545689105407158, -9.062635830695726, -11.489546919268124, -8.155524118466763, -8.15905008039417], "rmse": [0.7180150207993697, 0.670315833773567, 0.7467873318854308, 0.6393890667737417, 0.6395121752086135]}