{"pearsonr": [-0.1785098770640365, 0.0920613654875219, -0.019996693550354425, 0.14883233467942034, 0.04175816076061502], "spearmanr": [-0.12597259710831607, 0.06156146123468573, -0.06685492789294696, 0.15306907774644438, 0.007514752792537755], "r2": [-10.490324379966692, -6.69232605109385, -7.141358639179121, -15.615199401878897, -17.246116399556097], "rmse": [0.7562968067747053, 0.5883043018304965, 0.6175512854190721, 0.8189931994431141, 0.886900493256168]}