{"pearsonr": [-0.11098684382861752, 0.04795349203523701, 0.09796568940301129, 0.1280163710012702, 0.13316308130046448], "spearmanr": [-0.10405893011549687, -0.05254889852020128, 0.14688294914160085, 0.16023953735083063, 0.07580457837138638], "r2": [-14.595307841778187, -8.403694645241872, -6.915886092870119, -12.949925271170946, -15.18813895429459], "rmse": [0.8810957329751636, 0.6504627653562842, 0.6089397924820996, 0.750435649939389, 0.8353878175990055]}