{"pearsonr": [0.15771366823101662, -0.03815338677562176, 0.03093143297819639, 0.12289755059111818, 0.04051461362737264], "spearmanr": [0.04702097428868899, -0.06086391559562713, -0.03768972965203014, 0.12506640386780526, -0.005911188932761019], "r2": [-11.12205068944704, -6.348512489912705, -14.113197083861845, -11.181273099543018, -16.398857584876904], "rmse": [0.7768088592913438, 0.5750066936023451, 0.841400488232979, 0.7012515864140825, 0.866064111755181]}