{"pearsonr": [-0.10254437578011971, -0.06482402562262739, 0.08118826002327004, 0.07823882594230627, 0.05022502742567685], "spearmanr": [-0.13690472335335155, -0.013490704360585266, 0.00023116319155981277, -0.040400189169634074, 0.03526534504062025], "r2": [-13.516209313953421, -9.727196969279778, -13.960109235820205, -10.055035588063017, -8.01649399549402], "rmse": [0.8500661700681658, 0.6947304101838736, 0.8371281942948601, 0.6680478786193698, 0.6234598989227919]}