{"pearsonr": [0.14815657032889154, 0.07532723113152946, 0.08667303988700283, 0.050618740419913516, -0.018761885971627586], "spearmanr": [-0.010429111956870874, 0.022419535738719135, -0.054111270129960455, 0.00476710489807971, 0.007923267525654348], "r2": [-8.29507430435516, -6.272176240542939, -7.910573259856106, -12.156182599051304, -14.446293759321065], "rmse": [0.6802249462533508, 0.5720123159951579, 0.6460667780252295, 0.7287733167427204, 0.8160219124363829]}