{"pearsonr": [-0.008318806051474708, 0.07171260167420772, -0.06251894504096224, 0.011603487831933657, -0.021917219597934422], "spearmanr": [-0.03102742879937744, 0.1016215901526919, -0.01568140034937059, 0.10874065296320592, 0.0016298705768529127], "r2": [-6.67710095488282, -11.212489645301567, -11.13628377729594, -17.162955835193834, -6.818089862332066], "rmse": [0.5854936996566272, 0.7384578380984003, 0.7361502462072101, 0.900568731307243, 0.590845495990225]}