{"pearsonr": [0.018584578014670866, 0.003070781798047522, -0.002053738086826176, 0.0009158851788707523, -0.002328381061145332], "spearmanr": [0.06331892667229722, 0.05129777907794224, 0.03393783116840223, -0.026289993818976214, 0.03324954350072426], "r2": [-9.823846820863324, -6.765337927293866, -14.570916942607093, -13.104634121418714, -6.83221000690888], "rmse": [0.6952074524853615, 0.5888487807946527, 0.8338361016113481, 0.7936052144430852, 0.5913788142563128]}