{"pearsonr": [-0.021550357535805444, -0.040145339286260386, 0.09600274672944466, 0.00699492974513885, 0.04650066603673954], "spearmanr": [0.029773307413925705, -0.06352653357805785, 0.11981690486413542, -0.0565622655575425, 0.06137615068486687], "r2": [-11.918234870510858, -8.016843997393005, -13.685976342692296, -6.861227899203263, -8.479182991562913], "rmse": [0.7594954709916961, 0.6345281273013115, 0.8097948535804619, 0.5924733138527176, 0.6505925021401614]}