{"pearsonr": [0.13784723892168657, 0.19299240175667667, 0.015743494461639168, 0.14719971914485158, 0.04172762830556545], "spearmanr": [0.03869567291636849, 0.18141787128476694, 0.04093746951516926, 0.16788605989659547, -0.01454492244659058], "r2": [-7.383142301300969, -11.439087849986663, -14.589018999771254, -16.778232206830747, -14.273808792214654], "rmse": [0.645995572117294, 0.7481134270366314, 0.8545431160227751, 0.847172410635728, 0.8114529634494299]}