{"pearsonr": [0.0070545470147360505, -0.006494157083834116, 0.01671058181231653, 0.06508245013505513, 0.04395130684562222], "spearmanr": [0.007192813615122474, -0.008256503050406013, 0.11900535059616209, 0.11728197736141059, -0.027466629549068363], "r2": [-17.80954690774608, -8.570540350427274, -9.011591271991167, -8.938621792574793, -6.997386806886901], "rmse": [0.9164584235904135, 0.6537200866264301, 0.6686135224404487, 0.6661724716968215, 0.5975821978201404]}