{"pearsonr": [0.01611118452330718, 0.09388658899610247, 0.05592317711100443, 0.09346645308430909, 0.03999083715542304], "spearmanr": [0.00451314345689614, -0.01995133819951338, -0.0058043117744610295, 0.02241732513901083, 0.0112037849965857], "r2": [-13.450049350816796, -15.806957348722115, -11.428927633873469, -13.39981402176668, -8.991765662500786], "rmse": [0.8481268010216259, 0.8695963955608947, 0.7630296539863546, 0.7624405013925372, 0.6563126814128578]}