{"pearsonr": [0.0032411763930490093, 0.17527578148037037, 0.047021267002283956, 0.0789470286372298, 0.20941362165106292], "spearmanr": [0.055369495730165544, 0.21011879204236436, 0.01926641303287484, 0.03768412837771925, 0.14918056774948787], "r2": [-7.479947738687573, -14.805348613657248, -11.037731796211165, -8.62303989962665, -8.278263200475783], "rmse": [0.649714725463855, 0.8432866433195089, 0.7509256138434935, 0.6232806725840211, 0.6324453735486617]}