{"pearsonr": [0.08241929415443824, 0.09368074273035508, 0.056566974988462505, 0.21960109501760292, 0.038281137297203366], "spearmanr": [0.15679595439148894, 0.13134455104653572, 0.07231498728180669, 0.19657015319957974, -0.11964744731118479], "r2": [-13.476972995282882, -14.326180104954808, -6.931948369630694, -18.46103754663334, -9.980779625081418], "rmse": [0.8489165574192042, 0.8304053612407962, 0.6095572851232878, 0.8863607412594102, 0.6880282393745695]}