{"pearsonr": [-0.009301005800215013, -0.0018440937281067565, -0.005259348252474703, 0.051887492024051074, 0.004167741888799054], "spearmanr": [-0.09978519762761928, -0.04902294999976408, -0.012095461429939745, 0.0751336469455834, 0.02174210503965764], "r2": [-8.602449612795278, -6.937569982038216, -13.186726141665899, -17.01288266163062, -7.4460289567126665], "rmse": [0.6548089680662977, 0.5953431813989485, 0.7959113407424628, 0.8968404961272417, 0.6141152516525459]}