{"pearsonr": [0.0009259698644584211, -0.005385441466435619, 0.006582597421681095, 0.01101436120087922, -0.011049420928511697], "spearmanr": [-0.08398131923419343, -0.08318953218508897, -0.005921393533021506, 0.06452147210788751, -0.033979140348636874], "r2": [-6.510366187908066, -12.482421438230501, -11.2446369088809, -6.309814470199176, -8.971700958992319], "rmse": [0.5791007889722232, 0.7759032115048627, 0.739429130501373, 0.5713165137681149, 0.6672801768068481]}