{"pearsonr": [-0.007400209884034515, -0.010070068974511112, -0.011673669336518883, 0.007434254253071957, -0.006961637385186064], "spearmanr": [0.004350546067798045, -0.046511636155150034, 0.01732706623170141, 0.0022792267079040003, -0.003366742066725301], "r2": [-10.589642669059579, -5.606004488911771, -5.938782829423725, -11.54240677868128, -6.692775612126057], "rmse": [0.7193804369163697, 0.5431165444527175, 0.5566282550688428, 0.7483659877774186, 0.5860911083277838]}