{"pearsonr": [0.2064299257552241, 0.06111002475334258, 0.07306326501267722, -0.001454053542148677, 0.046169828371892936], "spearmanr": [0.19014305514198676, -0.05868979597930103, 0.04243483196973724, -0.053724187176535564, -0.019962237301126593], "r2": [-4.698165908019127, -20.754947136790854, -13.03158052879613, -11.578989373255864, -6.495475752132867], "rmse": [0.5325908085177307, 0.9893551029298059, 0.8107330605929556, 0.7126075049010854, 0.5684460822690246]}