{"pearsonr": [-0.0023290821350466545, -0.0005864807894128913, -0.004344947888850172, 0.004553403572952649, -0.031918238919934915], "spearmanr": [0.05038360094178042, -0.006851027890100453, -0.07698500511939756, 0.07549813861535631, -0.0974177998792737], "r2": [-25.523075838157965, -7.302040790603034, -13.762370771261608, -33.88839490204248, -15.22941040201654], "rmse": [1.0882672098379207, 0.6088580209558613, 0.8118983423259069, 1.2481422803655193, 0.8512849815311457]}