{"pearsonr": [0.006278808057705889, -0.0034363844229540483, 0.11588269964574004, 0.021732167199829844, 0.01259991573642398], "spearmanr": [0.02493848404430884, -0.029434003946804455, 0.040948253134058504, 0.017580288313923914, 0.0019983325067337], "r2": [-13.904025970589062, -8.813287615558023, -12.676231740149603, -7.198464347240467, -6.6504901844013435], "rmse": [0.8157844064220342, 0.6619586538378193, 0.7814601310712522, 0.605048037273186, 0.5844780842937738]}