{"pearsonr": [0.22437866628151926, 0.06223671664124677, -0.036778075991266035, 0.07480053533487331, 0.009114168010614763], "spearmanr": [0.18700920757597442, 0.11497065979676542, -0.0013998634279582482, 0.1297391949054303, 0.09804897083211396], "r2": [-12.41415431814142, -15.115013566555131, -7.694411072392917, -14.267757120151966, -12.5893090007292], "rmse": [0.8171612633460598, 0.8515075826654532, 0.6381821777862672, 0.7850822130490291, 0.7653998325500141]}