{"pearsonr": [-0.005471126129653434, -0.008572130959761743, -0.011483677883153017, -0.009670067919529414, -0.05326440447423932], "spearmanr": [-0.08507813568998626, 0.0002889982494963173, -0.07363557438696984, -0.06947930772533606, -0.04374489829620787], "r2": [-10.072376611320925, -10.727356180770787, -14.453191244984307, -12.645120826808466, -12.047660536691321], "rmse": [0.7031435947090224, 0.723641821432019, 0.8306779643355161, 0.7805707859312382, 0.7632906189195533]}