{"pearsonr": [0.0038598115915959973, 0.02540195584541818, 0.012997757516611587, -0.025026086528577525, 0.044081548318950343], "spearmanr": [0.05696957591451628, 0.06365168521739151, -0.0043633628775910736, 0.0015390243239439925, -0.014796717712241305], "r2": [-14.061410648973844, -13.852807966485349, -11.901697707226935, -17.86097212489735, -14.584189100194207], "rmse": [0.8200803863728827, 0.8143814697965501, 0.7590091846325595, 0.9177103650902477, 0.8341913936901373]}