{"pearsonr": [-0.03587606541736568, 0.037714181392694945, 0.03206154210180519, 0.004484435540440885, -0.015542256176688855], "spearmanr": [-0.0049271879220691124, 0.10006885090408257, -0.012530642503460247, 0.041878447966152164, 0.035367448337270575], "r2": [-15.988648134472061, -13.538578088442916, -8.968817797290274, -10.862225699362392, -6.385572366006326], "rmse": [0.8709696283945566, 0.8057207846372102, 0.6671837030084937, 0.7277910185036034, 0.5742694049121192]}