{"pearsonr": [0.017066446653908975, -0.052875861433005204, -0.0132160894967763, -0.09558594644084807, -0.06115339727926689], "spearmanr": [0.06853387059484096, 0.009946847913786513, 0.02921595364703995, -0.021476698483997754, -0.0340504815064712], "r2": [-7.915067817744845, -13.632469869127343, -9.970715517289925, -5.70928256125378, -6.792230684190355], "rmse": [0.6309368974794216, 0.8083183155508602, 0.6999081924953543, 0.5473456130059088, 0.5898675439459614]}