{"pearsonr": [0.03754023412296465, 0.0005743165541083385, -0.008280080672218155, 0.010473171585177899, 0.0001598220714276555], "spearmanr": [0.04915860223932358, 0.023490547912746955, 0.07577180226385893, 0.02790720443146377, 0.1492457735480492], "r2": [-13.029248818431963, -13.719489480474829, -6.582590480782388, -10.68844891828175, -9.818202179050385], "rmse": [0.7914815747272029, 0.8107182958142276, 0.581878621003428, 0.7224404290328436, 0.6950261533192206]}