{"pearsonr": [0.210105734106579, 0.17657735405875574, 0.14866484223447538, 0.09285016355878578, 0.03388595645275619], "spearmanr": [0.18361719383617192, 0.1553790372596727, -0.08369915130231198, 0.0947175885279485, 0.06926153545995513], "r2": [-10.598828517946389, -13.885586409537707, -8.099956253216295, -18.07146994834912, -14.200200182847832], "rmse": [0.7598593047345122, 0.8183821646225041, 0.6528963475040596, 0.8774443881325109, 0.8094952964847362]}