{"pearsonr": [0.13905164441400716, 0.019442454146241264, 0.20036837343322647, 0.11568868733919815, 0.2223519319216086], "spearmanr": [0.16397595534564188, 0.05328473508511862, 0.19764413227977762, 0.14365689159225828, 0.17640717978733786], "r2": [-16.82605278353222, -9.668332093492896, -10.203843205990319, -12.241418621603236, -8.77540136304323], "rmse": [0.9420061022955103, 0.6928216414524806, 0.7244494682357344, 0.7311302866007573, 0.6491678074980499]}