{"pearsonr": [0.1697259580122461, 0.014935273853094429, 0.024112060590327965, 0.05629193213078103, 0.13386753528331044], "spearmanr": [0.10965703806360545, -0.04218028790362247, 0.07378317816851111, 0.027586723707103373, 0.050205406372621574], "r2": [-6.199512200537231, -12.377083211480194, -12.449886235568098, -21.631538159688798, -8.612532481287493], "rmse": [0.5986564390787003, 0.775807361565326, 0.7937502813553388, 0.9558385733272105, 0.6437371694366714]}