{"pearsonr": [0.0018337428061164446, 0.008766294777574369, 0.000289082855278201, -0.0012550736693225407, -0.011139047527283452], "spearmanr": [0.057217524853849455, 0.0948474561076536, -0.09081976417742842, 0.06119095588825086, -0.0691549219350851], "r2": [-11.160981989207412, -12.445316517166669, -7.566768785291249, -14.333635862744456, -12.259551360010075], "rmse": [0.7368989248925313, 0.7748347957552991, 0.6184892037481974, 0.8274584075680335, 0.7694634850888388]}