{"pearsonr": [0.1678067486254715, 0.12142127985871493, 0.0536356678019549, 0.0565627976019532, 0.0510133711135579], "spearmanr": [0.14273651066265922, 0.12310004293688277, 0.05241870751988793, -0.010841489354931759, 0.08008195607492188], "r2": [-10.166097161074418, -10.166443109458907, -12.705988011050001, -11.079558062035806, -10.455898177702538], "rmse": [0.7455500837602701, 0.7088112645052279, 0.8012716194674296, 0.698317683091215, 0.7027554920853097]}