{"pearsonr": [0.0006789564384186819, 0.038790603340205246, -0.0018729972147092599, 0.07708533799919248, 0.024274443957706258], "spearmanr": [0.05855518118371172, 0.08415698514823626, 0.10108532673250986, 0.11031857355772737, 0.04268909540631305], "r2": [-14.243557160104745, -13.07440484771607, -5.807479388910068, -13.97616968049727, -8.381637777084695], "rmse": [0.8250243413506605, 0.7927543246993172, 0.5513365290586623, 0.8177564462058856, 0.6472363956824575]}