{"pearsonr": [-0.028447359510154924, -0.044748048910112345, -0.004624414477968718, -0.0016732253081989715, 0.0026497314032128522], "spearmanr": [0.05226149977116056, -0.03162791410911814, -0.07232123280773568, 0.012092512468210193, 0.11121832225310113], "r2": [-5.457268361919716, -15.498207237910425, -16.759273390689398, -8.89373428389178, -7.2365784675219516], "rmse": [0.5369675215607536, 0.8583056622077245, 0.8905046605492838, 0.664666394520753, 0.6064528206992621]}