{"pearsonr": [0.11428800910591712, 0.06570332028343019, 0.14819155830144412, 0.2108666448092015, 0.10509762185587261], "spearmanr": [-0.06676031112861164, 0.06079499094299178, 0.0885191195812782, 0.20196813790142631, 0.06651339132361848], "r2": [-11.321731530860843, -15.251936646654787, -13.406703247255093, -23.033049455222915, -17.063690426378145], "rmse": [0.7831807298122795, 0.8551173975040914, 0.8214987218481973, 0.98499030713988, 0.8824557083329695]}