{"pearsonr": [-0.011517869054428113, -0.014299252696654736, 0.00820865750104267, 0.008759328390227316, 0.0048963076837797775], "spearmanr": [0.03678829757618937, -0.038985274064707295, -0.045790298151826704, 0.04837004987284077, 0.08793980815234573], "r2": [-13.928089233826412, -14.013718851961924, -10.713771765050494, -10.061808959070866, -8.901284886316857], "rmse": [0.8164427023004851, 0.8187809689884283, 0.7232225837300997, 0.7028079688960909, 0.6649199729166406]}