{"pearsonr": [0.16611877481955709, 0.1157562931467253, -0.008626284267428678, 0.12143964043478653, 0.04925270343244653], "spearmanr": [0.03827584561805257, 0.034416296932398255, -0.0007950443859135696, 0.08284069846844211, -0.015037557311481809], "r2": [-7.743268451342336, -12.468722960597816, -10.150197795862177, -11.900115474030647, -15.952472849753136], "rmse": [0.6597251318798592, 0.7784601614081874, 0.7227130095701089, 0.7216461777133099, 0.8548820625407072]}