{"pearsonr": [0.14916188474660727, 0.08104537148336534, 0.07932887503877528, 0.1126120030794143, 0.03085550279000409], "spearmanr": [0.11510424120986593, 0.008303525957171543, 0.11078485408801225, 0.08372364125901413, 0.008140669203004585], "r2": [-8.844610670828835, -13.875432973969993, -9.1393744221758, -11.326933563167714, -16.91785268091571], "rmse": [0.700044092201196, 0.8181030084042437, 0.6891760350502335, 0.7054318181452099, 0.8788862228549482]}