{"pearsonr": [-0.007720666885730133, 0.013605966061990611, -0.014565567364468695, 0.005589817558215354, 0.06826781837470046], "spearmanr": [-0.017292431994607785, 0.014834959309071367, -0.06836528966118878, 0.011086367626100735, 0.028486859704856916], "r2": [-15.907233348528909, -7.0274860968193185, -6.123058831350348, -9.47182209556695, -12.518943828724627], "rmse": [0.8688801459109743, 0.5987056840335142, 0.5639711211113068, 0.683808866935172, 0.7769534188113]}