{"pearsonr": [0.24320254470078997, 0.07061239946036119, 0.1639968261182591, 0.1304447271041971, 0.019456076955476194], "spearmanr": [0.11959004119869045, -0.10394220210288936, 0.1560196046655663, 0.0805707424937131, 0.014359692844778808], "r2": [-7.878592823677337, -14.011198291491844, -12.756747693089604, -21.57432506013608, -8.044561625896645], "rmse": [0.6648109925484598, 0.8218278658918877, 0.8027539899845942, 0.9546296167590078, 0.624429535507444]}