{"pearsonr": [0.14472332357383433, -0.05833436314939952, 0.05823004373284747, 0.1600631890031074, 0.032851799852387134], "spearmanr": [0.10984399981918888, 0.017195161064666703, 0.01648763380524142, 0.09451855427167274, 0.0003061200217722344], "r2": [-12.006047390209698, -8.045385637368998, -18.435878357768935, -11.382002360157301, -13.18991693951204], "rmse": [0.8046347564671608, 0.6379501230474164, 0.9541720105786969, 0.7070057696826821, 0.7821311853763822]}