{"pearsonr": [0.12313964445328261, 0.1251953778523605, 0.0012150927061374897, 0.16520104212445919, 0.033330045316600804], "spearmanr": [0.1636818696276408, 0.027344006571979496, -0.028872545204031822, 0.09036307961622275, -0.05586690397343278], "r2": [-12.368593922865337, -7.715132575723787, -14.429741895595308, -14.000222705124722, -8.148654320962583], "rmse": [0.8157723626512401, 0.6261958441024896, 0.8501663619055968, 0.778173379987648, 0.6280124956000622]}