{"pearsonr": [0.09475586160029006, 0.100754349168536, 0.03823860212028679, 0.12320197142270545, 0.06340619714482353], "spearmanr": [0.11854052146480873, 0.027549423203346114, -0.00884420354863216, 0.09203034995789705, 0.06703256637475276], "r2": [-11.014181346592087, -15.193757709427107, -9.310343651946141, -18.23043187911354, -16.910938876251873], "rmse": [0.7733448782581718, 0.8535854439239147, 0.6949621582454479, 0.8810935776082729, 0.8787166424355116]}