{"pearsonr": [-0.0456656043739582, 0.09083007657620402, -0.004658510268593366, 0.029573798315577965, -0.003642313526574963], "spearmanr": [-0.008968382411920411, 0.11044274531822836, 0.08809787250104983, 0.016118435021397665, 0.1190814338087846], "r2": [-14.542167599708778, -10.734083125495749, -15.4127417387208, -12.84745296932993, -7.804852872466681], "rmse": [0.8330659698458138, 0.7238493362626459, 0.8560796394525135, 0.7863367074050077, 0.627024704178274]}