{"pearsonr": [-0.03381999960726724, 0.0007598554428101089, 0.010322590813113763, 0.0624118184031187, -0.01478999407094016], "spearmanr": [-0.14462065041411845, 0.06196323523579403, 0.05586930699178864, 0.14774511555047765, -0.11159770304838366], "r2": [-4.6690090726750455, -18.38519383571151, -15.473900003798793, -8.512144975279146, -6.019866560763619], "rmse": [0.5031264812152336, 0.9303763758539908, 0.8576731472153912, 0.6517226738698196, 0.559871072216102]}