{"pearsonr": [-0.0011429299165695052, 0.03501613171428831, 0.03612762230637025, -0.005910950529807177, 0.01744129985745413], "spearmanr": [0.026713032253653877, 0.016290388589743215, -0.0010772293803264293, 0.008684412939349882, 0.04332192539487387], "r2": [-32.48605193135527, -5.432755708442506, -12.844184894951876, -8.950664494644265, -15.63743158408153], "rmse": [1.22280040382546, 0.5359473522365513, 0.786243912055145, 0.6665759525821182, 0.8619195700538543]}