{"pearsonr": [0.26097936532735816, 0.06952531971176096, 0.09220246744533717, 0.1244439285655792, 0.03782795504528286], "spearmanr": [0.2637851247554983, 0.026100853966890887, 0.04370305336064774, 0.1661252560725783, 0.015842356843234807], "r2": [-9.390245225577104, -8.050257522140841, -15.423645211494403, -14.023219710118612, -6.971813944577841], "rmse": [0.7191823506892105, 0.6381219013014706, 0.8771207074291223, 0.7787696645796625, 0.5862302881631883]}