{"pearsonr": [NaN, 0.03903256745979118, -0.05848060002924798, 0.06742329543843845, NaN], "spearmanr": [NaN, 0.023880022496902187, -0.06258029772210727, 0.04886406808438512, NaN], "r2": [-16.091009101639298, -9.862294682093518, -9.1687199458529, -10.922103218964793, -10.290842983439196], "rmse": [0.8829857945917776, 0.7556727685861913, 0.6862892889680181, 0.6868966370941748, 0.688224068157819]}