{"pearsonr": [NaN, NaN, -0.050525046099188974, NaN, NaN], "spearmanr": [NaN, NaN, -0.028289723627801914, NaN, NaN], "r2": [-14.15577488193527, -17.357340206214857, -15.398132133133409, -11.51112618211031, -15.2328854496342], "rmse": [0.8314936499823634, 0.982376263276959, 0.8715077796533495, 0.7036604691048511, 0.8252100993812898]}