{"pearsonr": [NaN, NaN, NaN, 0.18860311066439292, 0.1926279468687423], "spearmanr": [NaN, NaN, NaN, 0.19288447928046756, 0.19459900798518287], "r2": [-4.892941324222957, -6.412210869633756, -14.217624850375179, -10.767829143349582, -12.403740963635869], "rmse": [0.5416168668120982, 0.577493452955607, 0.8443023995236457, 0.6892482845433869, 0.760155932101512]}