{"pearsonr": [NaN, NaN, NaN, -0.056352725143225084, -0.024610758286612196], "spearmanr": [NaN, NaN, NaN, -0.05558841472995773, -0.02423577943243832], "r2": [-4.934186929209341, -5.530780853417761, -12.902879093408075, -7.749707188832351, -10.21437497454523], "rmse": [0.5147593118076058, 0.5400154131883683, 0.7879088402334707, 0.6250580604649855, 0.7076379847394967]}