{"dpearsonr": [-0.00471174136869113, 0.003577327847212877, 0.008630219244998575, -0.004101636687483781, 0.0008903869066288991], "drmse": [0.7993230223655701, 0.8181574940681458, 0.8133972883224487, 0.8051460981369019, 0.8251562714576721], "cpearsonr": [-0.04883210293096631, 0.061458847391731714, 0.08508511280202977, 0.029637319690434854, 0.08746393153274801], "crmse": [0.8132400512695312, 0.8286830186843872, 0.8253569006919861, 0.8188846111297607, 0.8359513282775879]}