{"dpearsonr": [NaN, NaN, NaN, NaN, NaN], "drmse": [0.2899828851222992, 0.3026999533176422, 0.3124042749404907, 0.3059000074863434, 0.294133722782135], "cpearsonr": [0.7296139493976062, 0.7128782009365636, 0.727823342823986, 0.7268683622291081, 0.7435439702292035], "crmse": [0.2875986695289612, 0.30034855008125305, 0.3113366365432739, 0.3049779236316681, 0.29182547330856323]}