{"dpearsonr": [NaN, NaN, NaN, NaN, NaN], "drmse": [0.28734269738197327, 0.2861499488353729, 0.2908994257450104, 0.28584298491477966, 0.28677278757095337], "cpearsonr": [0.7395651347675578, 0.739699769507142, 0.7401950543133937, 0.7403940686409577, 0.7397097126760247], "crmse": [0.28586623072624207, 0.284629762172699, 0.2892961800098419, 0.2842728793621063, 0.2853066921234131]}