{"dpearsonr": [0.036134798505106, -0.02282700484487444, -0.010672586243784981, -0.0007940524631810768, 0.015801661659669303], "drmse": [0.2937799394130707, 0.31023237109184265, 0.3157735764980316, 0.31851324439048767, 0.3010489046573639], "cpearsonr": [0.7295391764264337, 0.7129887328449565, 0.727637887446345, 0.7251565755253584, 0.7297095243433863], "crmse": [0.2913801670074463, 0.3078528046607971, 0.3146701455116272, 0.31752681732177734, 0.3000413775444031]}