{"dpearsonr": [0.0096363208256326, -0.017528758750986553, -0.004474078239729555, 0.006879734135719169, 0.00529941481500636], "drmse": [0.1081852838397026, 0.11558563262224197, 0.11905110627412796, 0.11818421632051468, 0.09489106386899948], "cpearsonr": [0.6744852602173697, 0.6751916963846762, 0.6892445852697255, 0.7241423648679927, 0.721865742578066], "crmse": [0.10860101133584976, 0.1155712828040123, 0.11945059895515442, 0.11877716332674026, 0.09431971609592438]}