{"dpearsonr": [-0.005831662391912989, -0.0045511228678642, -0.0060107729821953886, -0.004207343508647838, 0.0031168485744891223], "drmse": [0.3217354118824005, 0.3219415843486786, 0.3204238712787628, 0.3201611340045929, 0.306686669588089], "cpearsonr": [0.6574802163669726, 0.6601831998676521, 0.6451852690626232, 0.6652679905884008, 0.7367665202061997], "crmse": [0.3287185728549957, 0.328693151473999, 0.3273599147796631, 0.32710662484169006, 0.30484738945961]}