{"dpearsonr": [0.01916228212912982, -0.02071706111873621, -0.01964112952074059, 0.00834190436622942, 0.0034178719055151558], "drmse": [0.3211471140384674, 0.33420854806900024, 0.33006414771080017, 0.33769866824150085, 0.30691882967948914], "cpearsonr": [0.6975523345489973, 0.6884216667273253, 0.7273569697169191, 0.7220332024995217, 0.7184687611420221], "crmse": [0.3262380361557007, 0.33864885568618774, 0.3289225399494171, 0.33588898181915283, 0.3080194592475891]}