{"dpearsonr": [-0.005122239948504703, -0.004350959131408131, 0.01686205733886234, 0.01564438316467697, -0.0037948308673152738], "drmse": [0.32241877913475037, 0.32367926836013794, 0.3226504325866699, 0.31232941150665283, 0.3141741156578064], "cpearsonr": [0.7016719055393598, 0.6971884492364337, 0.7373420771232725, 0.7376679648669039, 0.7238970013926918], "crmse": [0.32796844840049744, 0.3295542895793915, 0.31735849380493164, 0.3093348443508148, 0.3172101378440857]}