{"dpearsonr": [-0.007418583688700503, -0.005096647036765277, -0.006545927540137827, -0.004598651106727161, -0.00021359283029461596], "drmse": [0.32286983728408813, 0.3234676122665405, 0.32368016242980957, 0.32315564155578613, 0.3164859116077423], "cpearsonr": [0.5901815108603414, 0.6215278878025983, 0.5819932558743852, 0.5876694332872338, 0.6846671251994685], "crmse": [0.3301650583744049, 0.33036693930625916, 0.3306918740272522, 0.3303810954093933, 0.3198606073856354]}