{"dpearsonr": [0.0172128011510284, -0.020233337387033177, -0.012060353308793577, -0.0018648374091460125, 0.02010393892394252], "drmse": [0.0927368775010109, 0.11426214128732681, 0.10282853990793228, 0.10301428288221359, 0.09107809513807297], "cpearsonr": [0.7294993073310999, 0.6904230556244558, 0.7274262239577449, 0.7268988447690258, 0.7269983341753381], "crmse": [0.09291082620620728, 0.11424843221902847, 0.10313285887241364, 0.10355795919895172, 0.09022010117769241]}