{"dpearsonr": [0.011267246915422633, 0.013225472960761066, 0.0072805824972283426, 0.0077296192484400525, -0.0011847304265261722], "drmse": [0.2922901511192322, 0.2947951555252075, 0.29492104053497314, 0.2977929711341858, 0.2936956286430359], "cpearsonr": [0.7389645054446684, 0.73950746730948, 0.7396442751556467, 0.7394841553233643, 0.7376154220848251], "crmse": [0.2908118963241577, 0.2932169735431671, 0.2932984530925751, 0.29620614647865295, 0.2922096252441406]}