{"dpearsonr": [-0.006636008715952956, -0.0031975737589661863, 0.0004420067192898855, 0.014322959856999674, -0.0020490084021653073], "drmse": [0.32252779603004456, 0.33477187156677246, 0.33904531598091125, 0.3374505639076233, 0.33966121077537537], "cpearsonr": [0.6419255433145225, 0.6477081134009954, 0.6550154576013419, 0.6497159812400539, 0.721697818308233], "crmse": [0.32877159118652344, 0.33978956937789917, 0.3446132242679596, 0.3431203365325928, 0.33976197242736816]}