{"dpearsonr": [0.012532616068573085, -0.0010728509073845744, -0.004918095617687999, 0.010371249107495064, 0.010842032790897082], "drmse": [0.32321688532829285, 0.3349858224391937, 0.3404260277748108, 0.3403352200984955, 0.3020627796649933], "cpearsonr": [0.5799872255807739, 0.6068060225110852, 0.5889433677671005, 0.5822061381645777, 0.7005443602425795], "crmse": [0.3298446536064148, 0.34031665325164795, 0.34620383381843567, 0.34587427973747253, 0.3048534095287323]}