{"dpearsonr": [0.023672392094297418, -0.005376609621190012, 0.02229028052833634, 0.02770634531847458, 0.0034690549460333546], "drmse": [0.09279885143041611, 0.10579326748847961, 0.09036035090684891, 0.08933896571397781, 0.08629076182842255], "cpearsonr": [0.7390439556084526, 0.7133010375244954, 0.7392693191954953, 0.7398942344247861, 0.7373520714640838], "crmse": [0.09343498200178146, 0.10702572017908096, 0.09093216061592102, 0.08995535969734192, 0.0869428887963295]}