{"dpearsonr": [-0.006206342750979365, -0.003884854637392424, -0.0062121828177853205, 0.016962082653820626, -0.005636646438659443], "drmse": [0.10786759108304977, 0.10826898366212845, 0.1083473488688469, 0.1018272414803505, 0.09739412367343903], "cpearsonr": [0.6781210938559704, 0.689257175615222, 0.6982709199078827, 0.7377071603498666, 0.7188200124619883], "crmse": [0.10910480469465256, 0.1094832569360733, 0.10950205475091934, 0.1021721363067627, 0.09830106049776077]}