{"dpearsonr": [0.016627898306490075, -0.01350427072357516, -0.0072473689186951205, 0.013825636955742052, 0.016021009573074507], "drmse": [0.3027406632900238, 0.314473420381546, 0.32286369800567627, 0.33341729640960693, 0.2962234616279602], "cpearsonr": [0.7294342856043425, 0.7125538693873843, 0.7271925784213201, 0.7133793419459202, 0.7268053031799285], "crmse": [0.3002465069293976, 0.3120715916156769, 0.32170721888542175, 0.33752694725990295, 0.2972696125507355]}