{"dpearsonr": [0.022138094384743862, 0.028149265380146955, 0.020598536403482307, -0.003226265805108981, 0.0031841586379953604], "drmse": [0.30280357599258423, 0.30054929852485657, 0.3029930293560028, 0.3158678114414215, 0.2934640944004059], "cpearsonr": [0.7390754098486298, 0.7391309749923154, 0.7390911959546085, 0.7350958916342161, 0.7380383345031303], "crmse": [0.30112671852111816, 0.29876449704170227, 0.30118077993392944, 0.3212558329105377, 0.2919442653656006]}