{"dpearsonr": [NaN, NaN, NaN, NaN, NaN], "drmse": [0.2933603823184967, 0.30097314715385437, 0.3084140419960022, 0.30519434809684753, 0.2941608726978302], "cpearsonr": [0.7294168758292275, 0.7126366115056236, 0.7272236693174534, 0.7260726798301923, 0.7438541084172543], "crmse": [0.29093247652053833, 0.2986266314983368, 0.3073520064353943, 0.304275244474411, 0.2918350100517273]}