{"dpearsonr": [NaN, NaN, NaN, NaN, NaN], "drmse": [0.2907528281211853, 0.28446489572525024, 0.287040114402771, 0.28517845273017883, 0.28681328892707825], "cpearsonr": [0.7392849505026595, 0.7394925540488972, 0.7400598522130906, 0.7400523022417203, 0.7395525793584097], "crmse": [0.2892886698246002, 0.28295886516571045, 0.2854391932487488, 0.28363505005836487, 0.2853645980358124]}