{"dpearsonr": [NaN, NaN, NaN, NaN, NaN], "drmse": [0.2961142957210541, 0.29283857345581055, 0.30278322100639343, 0.30748745799064636, 0.31087177991867065], "cpearsonr": [0.7433514949428836, 0.7294442501429389, 0.7162801084487511, 0.7214008103869841, 0.7309527654948087], "crmse": [0.2941838800907135, 0.2905380129814148, 0.30016466975212097, 0.3060433268547058, 0.3099069595336914]}