{"dpearsonr": [NaN, NaN, NaN, NaN, NaN], "drmse": [0.2911427915096283, 0.30385884642601013, 0.3110458552837372, 0.3072965741157532, 0.2963854968547821], "cpearsonr": [0.729507102572502, 0.7129700447223585, 0.727854755212145, 0.7267944168347116, 0.7434752961716505], "crmse": [0.28875261545181274, 0.30150482058525085, 0.3099820613861084, 0.3063724637031555, 0.29406413435935974]}