{"dpearsonr": [NaN, NaN, NaN, NaN, NaN], "drmse": [0.28850775957107544, 0.28728601336479187, 0.28958216309547424, 0.2871932089328766, 0.288982629776001], "cpearsonr": [0.7394620272092046, 0.7396711630602762, 0.7402332014949501, 0.7403942389673319, 0.7397112878678938], "crmse": [0.28703027963638306, 0.28576964139938354, 0.28798195719718933, 0.2856193482875824, 0.28751280903816223]}