{"pearsonr": [NaN, -0.014393507720240329, NaN, -0.012058074072249136, NaN], "spearmanr": [NaN, -0.0034622542046340455, NaN, -0.01731127102317023, NaN], "r2": [-7.941653875177563, -15.560779602087958, -15.22168239773962, -8.906774726203556, -5.419040070482119], "rmse": [0.6318769709491097, 0.8599317597424526, 0.8510822780084891, 0.6651042822455026, 0.5353756857020199]}