{"pearsonr": [NaN, 0.18338652214239776, NaN, 0.14992438045324813, NaN], "spearmanr": [NaN, 0.18546817472594032, NaN, 0.17916824964274544, NaN], "r2": [-7.712963817263526, -16.96739256727875, -16.587239453308733, -12.196872749520104, -6.961100554691423], "rmse": [0.6585808182356382, 0.8991159673562878, 0.9076604771540966, 0.729899441372351, 0.5858362357422291]}