{"pearsonr": [0.03786964739274936, NaN, 0.07976968765023318, -0.07897136622736825, 0.22230408820617895], "spearmanr": [0.003184002999586959, NaN, 0.06858114818861069, -0.07029567689332597, 0.20145712280404393], "r2": [-11.486354655628585, -14.632658891539652, -12.728451791987508, -8.842956377923844, -11.548570832307357], "rmse": [0.7547231944875539, 0.9065450853079087, 0.7974158412506007, 0.6241338418742115, 0.7255440847260014]}