{"dpearsonr": [NaN, NaN, NaN, NaN, NaN], "drmse": [0.2897644340991974, 0.2980004549026489, 0.30893656611442566, 0.30273187160491943, 0.2963041067123413], "cpearsonr": [0.7294568343436062, 0.7125686680957635, 0.7272869124471367, 0.7259812579523837, 0.7437270891119935], "crmse": [0.28736618161201477, 0.29566943645477295, 0.30786895751953125, 0.3018355369567871, 0.2939720153808594]}