{"dpearsonr": [NaN, NaN, NaN, NaN, NaN], "drmse": [0.2871338427066803, 0.281550794839859, 0.28754928708076477, 0.2827759385108948, 0.28891071677207947], "cpearsonr": [0.7393999472759257, 0.7394152211135031, 0.7399864571290065, 0.7401235253087042, 0.739474478948749], "crmse": [0.2856568694114685, 0.28005003929138184, 0.2859634757041931, 0.2812173366546631, 0.2874625027179718]}