{"pearsonr": [0.09410628071860723, 0.10063586152233805, 0.10754760181709938, -0.0363478588694295, 0.04382477395552536], "spearmanr": [0.07818051420455886, 0.11348371465374471, 0.11768775449539726, -0.038485719947720806, 0.06039591580596304], "r2": [-10.868434522719635, -5.758774921486645, -12.045697499110705, -5.181834410972969, -13.321091900738574], "rmse": [0.7279814606202852, 0.5493607056616288, 0.7632331977240921, 0.5253905827704559, 0.7996715882260589]}