{"pearsonr": [-0.01787630425277236, 0.08253473170958789, -0.04072419442946418, -0.07389281994417218, -0.018820667749426305], "spearmanr": [-0.012535446519989241, 0.048575887401563655, -0.02727140828257187, -0.05951948437993951, -0.008369153388474986], "r2": [-16.301362538216498, -8.411405413813132, -6.887376343907506, -12.970548893342002, -12.480509343260827], "rmse": [0.8789491562085793, 0.6482624126427107, 0.593457854338598, 0.789824015935846, 0.775848189740421]}