{"pearsonr": [0.06856851491875761, 0.02614897726615529, 0.0714269878290775, -0.021816818261103793, 0.09460582582338599], "spearmanr": [0.05948055808510939, 0.033721967169798854, 0.1311149670424037, -0.055891671660241865, 0.07123335016207492], "r2": [-7.058266631562775, -12.106484960692558, -9.209717569184672, -6.6287317702468656, -7.6977666289238655], "rmse": [0.5998524222006697, 0.7650093039434556, 0.6751969385522296, 0.5836463486152045, 0.623200044536439]}