{"pearsonr": [0.08736127118013066, 0.11253899684411105, 0.05574872632849116, 0.1173489293913093, 0.06373474330182125], "spearmanr": [0.10649880390112249, 0.12692036387828573, 0.06165424686676524, 0.13182684640391812, 0.1315814927880192], "r2": [-8.328672692000529, -4.953758159682378, -6.983990242103435, -6.244639594749968, -15.648501813617195], "rmse": [0.6454067869908522, 0.5156074634075065, 0.5970814777605734, 0.568763859834067, 0.8622062747881112]}