{"pearsonr": [0.1391434092223188, 0.15075942484172344, -0.01993910755318743, -0.11072692344005322, 0.17377499019517784], "spearmanr": [0.13937312151137826, 0.09242402557129907, -0.048663545019998054, -0.09510779436152572, 0.14042532435859917], "r2": [-18.262732821496765, -18.098830907897167, -8.450169026992235, -12.208891951709461, -9.373860073637918], "rmse": [0.9792308170045969, 0.9269932543258826, 0.6653411354249862, 0.73023174784205, 0.6687439541796186]}