{"pearsonr": [0.01440698634031652, 0.212061566699011, -0.15525640385167577, 0.06329031547831304, 0.2308684768450319], "spearmanr": [-0.00478507704785077, 0.15576546920471349, -0.14662959711247683, 0.060677007121256475, 0.2440005853087504], "r2": [-9.380606983058914, -6.3712412758807035, -13.393795003744158, -15.429787514809135, -10.102386536484095], "rmse": [0.7188487078348487, 0.575895248530684, 0.8211306125827414, 0.8144107359906875, 0.6918275422165026]}