{"pearsonr": [0.06407712644096114, 0.11358783185520532, 0.06195189839029265, 0.06646678682256857, 0.08770347525521396], "spearmanr": [0.026936406230094505, 0.12619963763158268, 0.05494682432209268, 0.07281399364911602, 0.07054270332501332], "r2": [-12.729808544308238, -6.803321767024059, -10.425535853503778, -7.208860149271851, -7.658979132940853], "rmse": [0.7829893246599426, 0.590287189085067, 0.7142691435680414, 0.6054315217079534, 0.6218089185411718]}