{"pearsonr": [0.11027627162927447, 0.08176140702878659, 0.07358355303946816, 0.015901402846238737, 0.09753388736867535], "spearmanr": [0.12450752339116444, 0.09182889888128189, 0.08009380057469366, 0.006287186407409678, 0.09086930673448491], "r2": [-7.082910313667085, -15.223450447069606, -8.548981073463791, -7.532512980582496, -5.739777279732043], "rmse": [0.6007689522908614, 0.8511286577370153, 0.6529833634125234, 0.6172513935400205, 0.5485880876853187]}