{"pearsonr": [0.10137185367607755, -0.03407359000689569, 0.046659812468659405, -0.010624522285921532, -0.03423569427500222], "spearmanr": [0.08329401384360595, -0.024004548478571665, 0.05058648950877375, 0.02007358249307584, -0.024981244603400034], "r2": [-10.84949387668667, -8.733822366145391, -11.256195227776187, -15.144606173704997, -13.799918639886684], "rmse": [0.7274003416563853, 0.6592730282122429, 0.73977804006178, 0.8490579406508789, 0.8129302122339107]}