{"pearsonr": [0.10829194085756985, 0.15131247127161976, 0.0055177909188719905, -0.0108157808707906, 0.15860471929425904], "spearmanr": [0.07030198940890224, 0.15820810075855157, 0.0440444834650278, 0.037450004877572926, 0.21153058238220668], "r2": [-10.43808386246991, -9.789509737645735, -12.255477830435998, -19.77695479425863, -16.89411776293416], "rmse": [0.7545756044515138, 0.6967452836861551, 0.7879928568505877, 0.9158375884383312, 0.8783039207922504]}