{"pearsonr": [0.04199625428485476, 0.17752196171094103, 0.14035676054084584, 0.1441054972669171, 0.051969837491205095], "spearmanr": [0.08762463622918754, 0.1785697247268737, 0.1442688518193347, 0.14237147595356553, 0.01982733391864209], "r2": [-13.072202432166351, -10.311196317454012, -5.235293627226108, -11.399900250797193, -18.539584218612596], "rmse": [0.8369647338388362, 0.7133907140950217, 0.5404469143985782, 0.7075165651965719, 0.91779848182842]}