{"pearsonr": [0.036208856858190155, 0.1697892523587209, 0.09694089675387621, 0.18260272798460442, -0.0019139788588049536], "spearmanr": [0.037803539907447156, 0.11408806831735126, 0.07963125548726954, 0.19398107501707154, 0.017042239781484735], "r2": [-8.10894509869742, -5.625740259813518, -8.077180029270476, -8.83876576761313, -18.028253197663176], "rmse": [0.6733799240727041, 0.5459971620651115, 0.6520787705013925, 0.6302281932702662, 0.9057099455569222]}