{"pearsonr": [0.0351197692107198, 0.11117023187814766, -0.023705200986761918, -0.09782382345852292, 0.1971956055855323], "spearmanr": [0.05432469824912933, 0.030699871189351653, 0.0026046239391278904, -0.1404594673690372, 0.1561798848892791], "r2": [-12.16107195079552, -7.694505201813627, -11.586088585044813, -9.332437152009726, -9.586600170871764], "rmse": [0.809415941828303, 0.625454350627372, 0.7678386673726624, 0.6458458940489343, 0.6755662291051469]}