{"pearsonr": [0.09610963717655913, 0.029372667854601693, 0.06999644660421549, 0.027408586034209127, 0.08301209568580908], "spearmanr": [0.02052382996994418, 0.03732646343208816, 0.0819334699053751, -0.049346405228758175, 0.13908886937859724], "r2": [-15.466278945995949, -9.471855514165686, -7.948969479585234, -17.172919911862333, -15.312183511196785], "rmse": [0.905365322875903, 0.6864122138940523, 0.647457252883147, 0.856524663780256, 0.8385823650687715]}