{"pearsonr": [-0.03256464198707107, 0.11200470323068845, 0.08192542807101888, 0.008142651733832058, 0.06831050993445552], "spearmanr": [-0.06605556315732357, 0.13501585361825807, 0.019600569031655333, 0.018269997499280453, 0.056656632332888236], "r2": [-13.76359027807572, -9.26220505634483, -4.31012148126175, -8.332092466528946, -15.365420755122809], "rmse": [0.8119318767469315, 0.6769302852003062, 0.4869404229223108, 0.6455250751719558, 0.8548446302980652]}