{"pearsonr": [0.1850801226861139, 0.26485998471956496, 0.020016156607767573, 0.03470893450743801, 0.06019983276460668], "spearmanr": [0.20664090453699724, 0.2581556223462621, 0.0025363379182518782, -0.017281240854550777, -0.010862354892205639], "r2": [-10.439320230092148, -6.622367657111937, -12.894452782695753, -7.541922358801543, -15.53028603440847], "rmse": [0.7546163852172332, 0.5856230044111825, 0.8067617705230454, 0.5872260681599878, 0.8441698949566872]}