{"pearsonr": [0.06884973982288291, -0.013140569532938271, 0.05268327866446891, 0.04953679929835342, 0.06718855339599208], "spearmanr": [0.01961295467091946, -0.01054784631426967, 0.06814519743888571, 0.024593161239790697, 0.026308867174045365], "r2": [-11.556403119089259, -8.54286078116855, -14.854557657770819, -11.958567128025347, -7.4835721989737], "rmse": [0.7487834301702977, 0.6527740693742241, 0.8413964302492518, 0.7606801643791007, 0.6154786327923895]}