{"pearsonr": [0.011732318889721396, 0.11054461991310678, 0.0005721162448143914, -0.08067654328192754, 0.06753911018257076], "spearmanr": [0.02197861177036789, 0.12603154681299808, -0.01116948744685971, -0.08864932834447649, 0.06326289639943568], "r2": [-5.577286809545142, -9.471245704185206, -8.677684288204123, -5.505987058085344, -14.689672229188421], "rmse": [0.5419347382143652, 0.6837900475283003, 0.6573691596041883, 0.5389893671599649, 0.8370097861672]}