{"pearsonr": [0.1782924143181823, 0.18474060730694222, -0.04267087213553006, 0.22962200828457754, -0.02304235873121549], "spearmanr": [0.1405467296407614, 0.17820237584084728, -0.026251097453906937, 0.23668422592917768, 0.04954150814554679], "r2": [-5.871364281530584, -14.34246259614368, -9.202034422660562, -14.937295282185689, -9.770364690051554], "rmse": [0.5848541940057277, 0.8308463543194736, 0.6913022637872843, 0.8021116540604037, 0.6814043165189472]}