{"pearsonr": [-0.0666521006111553, 0.12029955654064774, 0.09221968737150002, 0.05829223234202273, 0.07213645812444949], "spearmanr": [-0.07891539546756378, 0.13072629388644844, 0.10843568196509372, 0.07679450219166836, 0.08654317987722883], "r2": [-6.8881363229121195, -10.694139570475398, -12.290344391568517, -7.1320546449703155, -9.864110375263852], "rmse": [0.5934864446217296, 0.7226162717375532, 0.7703564403747731, 0.6025925310458515, 0.6964993009603577]}