{"pearsonr": [0.06496130092022925, 0.05709457595597235, 0.08429279083832733, -0.04992820863897724, -0.007165623549265621], "spearmanr": [0.07319087095815306, 0.060175923260938284, 0.09461743709274839, -0.06658873543802697, -0.0011029116868532926], "r2": [-8.637776040072492, -16.594647071729977, -5.415806267714252, -10.695402449923037, -11.826964990015249], "rmse": [0.656012349820286, 0.8863676154360446, 0.5352408121492794, 0.7226552892555185, 0.7568077224630255]}