{"pearsonr": [0.10914837181896705, 0.12498791036648843, -0.016776334084378466, -0.003401195222998703, 0.0737600501059075], "spearmanr": [0.0914767928507731, 0.12829045149783663, -0.044125904151666284, -0.03708968146494982, 0.0700083514596181], "r2": [-9.700855812688053, -5.626653853936758, -12.0209315204759, -11.521538202520524, -8.23612617574196], "rmse": [0.6912463584167681, 0.5439647319889276, 0.7625083918408988, 0.7477431474211383, 0.6421973792002367]}