{"pearsonr": [0.13116116978850484, 0.09412968966904742, -0.21112172004405783, 0.14152429910645278, 0.033777579432931984], "spearmanr": [0.10073946853680645, 0.08038261533323791, -0.20097063701102333, 0.1311335479465418, 0.0034386889083991815], "r2": [-5.512933967386731, -10.497934091608153, -9.856502411315553, -7.998422197785354, -17.06020181362722], "rmse": [0.56939606251148, 0.7192553308477136, 0.7131313901554522, 0.6027131954296786, 0.8823704905613895]}