{"pearsonr": [-0.17903363938474678, 0.2054413600065438, 0.04733353747283883, 0.0034315592193518533, -0.043727493093168535], "spearmanr": [-0.14772195983016076, 0.17229616907590287, -0.01881279875134133, -0.038493805482391966, -0.052151009657594394], "r2": [-6.729976594984486, -11.792460589835668, -13.411039553235337, -9.191696562802218, -11.814819371410758], "rmse": [0.6203191828343835, 0.7586653090142945, 0.8216223449195418, 0.6414322020972344, 0.7432688299533098]}