{"pearsonr": [0.21252438905877322, 0.025924852368792498, 0.053639916417772465, 0.19992890248662334, 0.11707811462122739], "spearmanr": [0.2317255856113735, 0.01349172272315252, 0.07082235879426398, 0.15803336259877088, 0.11759340552141256], "r2": [-8.404457769691279, -18.00407478340064, -6.324849715176591, -14.440850435655413, -14.225224848748224], "rmse": [0.6842156481755381, 0.924690822595084, 0.5857657114514015, 0.7895199798637202, 0.8101613738503142]}