{"pearsonr": [0.049784707798867386, 0.11152716721056789, 0.03233136128450599, -0.02105998617031475, -0.07452509457025293], "spearmanr": [0.010223460524018704, 0.13851391202185534, 0.06082145995154626, -0.0020689915494552674, -0.08552932683460807], "r2": [-5.995904934828322, -13.036371623652869, -8.100463112257328, -11.165479504173705, -7.662544881833712], "rmse": [0.5589147229233841, 0.7916824712179265, 0.6374635354930381, 0.7370351765364243, 0.6219369351476779]}