{"pearsonr": [0.11323448965879258, 0.2196320625118514, 0.018169355016668394, 0.008807317635159205, 0.08419638545391653], "spearmanr": [0.12233194981155479, 0.22902056199608795, -0.0038435274607355385, -0.046414983904009374, 0.04650765778948396], "r2": [-6.9072120443335185, -13.350069616044296, -10.327959499839238, -9.346079959260535, -9.790055292022075], "rmse": [0.6273903214618752, 0.803526466226315, 0.7284511455502328, 0.6462721363916041, 0.6820269107733994]}