{"pearsonr": [0.08708327561329843, 0.11913715980276697, -0.03237264788686595, -0.021420608886909748, 0.16384967639621084], "spearmanr": [0.05911931682648728, 0.0830590143600019, -0.027046141839820508, -0.015510681884694176, 0.12049068383572335], "r2": [-11.09455773782127, -9.67092546623226, -16.20308901815109, -15.774142219239476, -9.72670215775379], "rmse": [0.7759274534946012, 0.6929058455981102, 0.8976929305945985, 0.8229011650069931, 0.6800217239496941]}