{"pearsonr": [0.10443095116296937, 0.18277008785957946, 0.009748670039735768, 0.08113508748372189, 0.0008022189622298283], "spearmanr": [0.17169028195219693, 0.13870521444587566, -0.008091893473807434, 0.09768315286313531, 0.1313823041654473], "r2": [-7.007898724217073, -16.590962084517535, -9.376103572419767, -9.824183514867496, -7.3425707619632625], "rmse": [0.6313721310185215, 0.8896475318715446, 0.6971748884393877, 0.6610359670036399, 0.599707700522601]}