{"pearsonr": [0.1458600441520473, 0.05068549281098388, -0.02273884916026701, -0.20229279028542002, 0.011615165111706462], "spearmanr": [0.15905252611993703, 0.02455035542197414, 0.016095990635059995, -0.1899765876499854, 0.08873768412837772], "r2": [-6.714160714655839, -15.326732472307931, -7.217391975381052, -24.145967020641283, -11.395708293742175], "rmse": [0.6196842574006581, 0.8570828799141023, 0.6204282846299819, 1.0075385862875563, 0.731013419667825]}