{"pearsonr": [0.05913100107653576, 0.11740588715672114, 0.060306314252107314, 0.047428287213273045, 0.09256782186514961], "spearmanr": [0.043947197070855294, 0.10409893884561125, 0.0825090002311986, 0.0590323246064211, 0.10034019222512139], "r2": [-19.29497901065596, -16.686405699151138, -7.365897420105295, -8.951332416987075, -7.685335166156893], "rmse": [0.9519582534069294, 0.8886758774798189, 0.6111951056440953, 0.6665983236258418, 0.6227545245136753]}