{"pearsonr": [0.03749250273172968, -0.028986822608843884, 0.0942260612149435, 0.018989870594709697, 0.023876235577747706], "spearmanr": [0.07960604230462538, 0.004746648799890534, 0.10615200600172692, 0.045970184817329514, 0.06945453644680781], "r2": [-6.878381857702322, -14.015158535244675, -6.198059617141861, -18.880459558939073, -9.115172482388926], "rmse": [0.5931193785962655, 0.8188202249858094, 0.5669324554088363, 0.9421863540897468, 0.6720634029056436]}