{"dpearsonr": [NaN, NaN, NaN, NaN, NaN], "drmse": [0.2948070168495178, 0.30146324634552, 0.31040072441101074, 0.3113935589790344, 0.29520025849342346], "cpearsonr": [0.7295508754046313, 0.7127583662100915, 0.7279322547163547, 0.726308074478974, 0.7437104607408974], "crmse": [0.29237669706344604, 0.2991213798522949, 0.30930978059768677, 0.3104707598686218, 0.2928788661956787]}