{"dpearsonr": [NaN, NaN, NaN, NaN, NaN], "drmse": [0.2922012507915497, 0.2849389910697937, 0.28897354006767273, 0.2911638021469116, 0.28782573342323303], "cpearsonr": [0.7394083523802356, 0.7395909465668393, 0.7402046440823166, 0.7402530073069147, 0.7396016561573451], "crmse": [0.29073143005371094, 0.28342217206954956, 0.2873780429363251, 0.2895922362804413, 0.2863692045211792]}