{"pearsonr": [NaN, NaN, NaN, -0.18961241085789393, NaN], "spearmanr": [NaN, NaN, NaN, -0.2005998584516863, NaN], "r2": [-15.433391849691773, -7.23835282625444, -16.87160231015747, -12.8376324240557, -20.253131154218455], "rmse": [0.8658316746189321, 0.6581019472507997, 0.9098207204699734, 0.7400240710331194, 0.944230736908816]}