{"pearsonr": [NaN, -0.03914227479165949, NaN, NaN, NaN], "spearmanr": [NaN, -0.022288020997108707, NaN, NaN, NaN], "r2": [-6.506711395044912, -10.211582476568722, -13.990292110352057, -13.594201297897207, -23.80032911139688], "rmse": [0.5851870726926355, 0.7677263381129026, 0.8332572967440222, 0.7599851695571639, 1.0199887801320684]}