{"dpearsonr": [NaN, NaN, NaN, NaN, NaN], "drmse": [0.2978152930736542, 0.292140930891037, 0.3033856153488159, 0.3075876235961914, 0.3088627755641937], "cpearsonr": [0.743455225559007, 0.7294072392881018, 0.7162736096688613, 0.7213452571826846, 0.7309986324812108], "crmse": [0.29587504267692566, 0.28984591364860535, 0.30076998472213745, 0.30614346265792847, 0.30790984630584717]}