{"dpearsonr": [NaN, NaN, NaN, NaN, NaN], "drmse": [0.293534517288208, 0.2999514639377594, 0.304919570684433, 0.30771058797836304, 0.2977540194988251], "cpearsonr": [0.7266210832094171, 0.7067480382341113, 0.7154069975632795, 0.7192681736894628, 0.7408027121548282], "crmse": [0.29112696647644043, 0.2976759374141693, 0.3040550947189331, 0.30692264437675476, 0.2954752445220947]}