{"dpearsonr": [NaN, NaN, NaN, NaN, NaN], "drmse": [0.29097414016723633, 0.28357812762260437, 0.28375694155693054, 0.2876764237880707, 0.2903771996498108], "cpearsonr": [0.7367023068307982, 0.7347408300155517, 0.7325509461702312, 0.7363934391190142, 0.735808542494784], "crmse": [0.2896054685115814, 0.2822408080101013, 0.28238216042518616, 0.28623777627944946, 0.28905510902404785]}