{"dpearsonr": [0.09821921963933672, 0.11262235728522571, 0.09402965780252234, 0.10403220797979543, NaN], "drmse": [0.2994920313358307, 0.288362592458725, 0.30285313725471497, 0.306845098733902, 0.30925601720809937], "cpearsonr": [0.7433050202270383, 0.7295115020071047, 0.7164890708308707, 0.7211761041417953, 0.7310546952033088], "crmse": [0.2975563704967499, 0.2860836684703827, 0.30021730065345764, 0.3053877353668213, 0.3082754611968994]}