{"dpearsonr": [0.15561722994402089, 0.17820192275472718, 0.12571855615868213, 0.07732188153649264, 0.013559111156568765], "dspearmanr": [0.11817442583761754, 0.1453489489847424, 0.0935351827694488, 0.04536252801877341, -0.023477450676552547], "drmse": [169.36932373046875, 112.50814819335938, 397.18145751953125, 190.3463897705078, 94.63046264648438], "cpearsonr": [-0.19177535627842907, -0.10487906858382867, -0.04268079357294547, -0.1624161638234138, -0.034094948197495124], "cspearmanr": [-0.18129661119468296, -0.09755416491035464, -0.04557855504146152, -0.16873820075961435, -0.12472667526178954], "crmse": [169.4017333984375, 112.53942108154297, 397.31915283203125, 190.38140869140625, 94.65518951416016]}