{"dpearsonr": [0.09930305824923179, 0.06203200363074432, 0.1077091850692686, 0.07807208272807925, 0.09549488587058315], "drmse": [0.08712531626224518, 0.08547201752662659, 0.09159725904464722, 0.09210491180419922, 0.09633170813322067], "cpearsonr": [0.7433219379514872, 0.729475888414176, 0.7163191452570373, 0.7213414225198101, 0.7308841910296967], "crmse": [0.08741936832666397, 0.08560901880264282, 0.09122001379728317, 0.09223321080207825, 0.0966387465596199]}