{"pearsonr": [NaN, -0.033213461722185346, NaN, NaN, -0.20488471861310129], "spearmanr": [NaN, -0.05253604949318482, NaN, NaN, -0.2005998584516863], "r2": [-17.733082506818203, -12.224595412684742, -9.35143299808753, -17.384714791908447, -9.833069497513591], "rmse": [0.92443097066363, 0.8338043934157054, 0.6924275119324819, 0.8529889395696367, 0.6741281104102973]}