{"dpearsonr": [NaN, 0.005153747406202974, NaN, -0.0033179550491979895, 0.0036159613620698134], "drmse": [0.28860563039779663, 0.28453415632247925, 0.28976234793663025, 0.28769049048423767, 0.28642538189888], "cpearsonr": [0.7394845017873469, 0.7396986898021158, 0.7402439991518107, 0.7404578974333955, 0.7398169244507918], "crmse": [0.28713446855545044, 0.28302133083343506, 0.2881685495376587, 0.2861226499080658, 0.2849498689174652]}