{"dpearsonr": [NaN, NaN, NaN, -0.002472777091971968, -0.012664366580369483], "drmse": [0.2912359833717346, 0.30104944109916687, 0.3112300634384155, 0.30782052874565125, 0.2937889099121094], "cpearsonr": [0.7295475148202857, 0.7128797843149733, 0.7278713543272173, 0.726631031521049, 0.7436019705554721], "crmse": [0.2888481020927429, 0.29870903491973877, 0.31015658378601074, 0.3068974018096924, 0.2914755642414093]}