{"dpearsonr": [NaN, NaN, NaN, NaN, NaN], "drmse": [0.29000207781791687, 0.2977719008922577, 0.31125926971435547, 0.3080887198448181, 0.2945173382759094], "cpearsonr": [0.7258608225381612, 0.7009563306880569, 0.7207600883460098, 0.7188920216013135, 0.7410037176780637], "crmse": [0.28765061497688293, 0.2956051826477051, 0.310287743806839, 0.30731266736984253, 0.2922370135784149]}