{"dpearsonr": [NaN, Infinity, NaN, -0.008679394192979114, Infinity], "drmse": [0.08292539417743683, 0.09254525601863861, 0.0949021652340889, 0.09596018493175507, 0.08542194962501526], "cpearsonr": [0.7223688761397222, 0.7068438686792249, 0.7191936001855004, 0.7181225420384452, 0.7408199049318176], "crmse": [0.08310124278068542, 0.09231724590063095, 0.09519760310649872, 0.09646589308977127, 0.08514302968978882]}