{"dpearsonr": [NaN, NaN, NaN, NaN, NaN], "drmse": [0.28743332624435425, 0.28155094385147095, 0.28984010219573975, 0.2880482077598572, 0.2872180640697479], "cpearsonr": [0.7357107426071376, 0.7296158604921981, 0.73652474305901, 0.7361801398181256, 0.7355342358886457], "crmse": [0.286096453666687, 0.2802916467189789, 0.2883494198322296, 0.2866266369819641, 0.28590211272239685]}