{"dpearsonr": [Infinity, NaN, NaN, -Infinity, -Infinity], "drmse": [0.08151032775640488, 0.08269677311182022, 0.08205056935548782, 0.08371613174676895, 0.08126240968704224], "cpearsonr": [0.732484062734491, 0.7350559322141975, 0.7352096003711488, 0.7355961540457868, 0.7354075354615627], "crmse": [0.08214061707258224, 0.08332622051239014, 0.08265800774097443, 0.08433018624782562, 0.08190278708934784]}