{"dpearsonr": [-0.02694486483171117, 0.06822631553776803, 0.017317323405233665, 0.01847549821085789, 0.03477836643263098], "dspearmanr": [-0.0014607733172811088, 0.05582638543296295, 0.011646579152634551, 0.01895800738408024, 0.03194267204430203], "drmse": [0.9446048736572266, 1.0251078605651855, 0.921668529510498, 0.956382691860199, 0.9119127988815308], "cpearsonr": [0.6535293012235793, 0.6621954389978001, 0.5872647008139026, 0.5909742854377953, 0.5960337229996107], "cspearmanr": [0.6104953427511287, 0.6134328148697042, 0.5857927096052201, 0.5591858646243884, 0.6059599518375672], "crmse": [0.9444808959960938, 1.024526596069336, 0.9235734343528748, 0.9588654637336731, 0.9129257202148438]}