{"dpearsonr": [0.0015858484336617573, 0.002069248482901513, 0.010794508980066852, -0.003376177183223739, -0.0010675535367323985], "dspearmanr": [0.026089614884427664, 0.03976395494743943, 0.020715550680000656, 0.02335480581437968, 0.02938320512041708], "drmse": [0.9434487819671631, 1.0058318376541138, 0.8949194550514221, 0.9310795664787292, 0.9015997648239136], "cpearsonr": [0.6531295240358859, 0.6904831859777465, 0.6113998190512323, 0.604095785946683, 0.5877097821689318], "cspearmanr": [0.606766377909304, 0.6403197449724218, 0.5986617142859872, 0.5740504816673009, 0.5951141153021215], "crmse": [0.9452974796295166, 1.0072863101959229, 0.8981531858444214, 0.9338453412055969, 0.9049692749977112]}