{"dpearsonr": [NaN, NaN, NaN, NaN, NaN], "drmse": [0.29706770181655884, 0.29075413942337036, 0.3044827878475189, 0.3067077100276947, 0.310040146112442], "cpearsonr": [0.7433093561107804, 0.7294563186985452, 0.7163609881681199, 0.7214692737470159, 0.7310112008650955], "crmse": [0.2951352596282959, 0.2884660065174103, 0.3018561005592346, 0.3052588701248169, 0.30906128883361816]}