{"dpearsonr": [NaN, NaN, NaN, NaN, NaN], "drmse": [0.2848576605319977, 0.2827642261981964, 0.2914075255393982, 0.28835973143577576, 0.2934061586856842], "cpearsonr": [0.7353875579931457, 0.7333446398396893, 0.7346758099354189, 0.7363346551483814, 0.737393187323298], "crmse": [0.28352341055870056, 0.2814456820487976, 0.28995558619499207, 0.2869400680065155, 0.292029470205307]}