{"dpearsonr": [Infinity, NaN, NaN, NaN, NaN], "drmse": [0.08134772628545761, 0.08462562412023544, 0.08179183304309845, 0.08631307631731033, 0.08487889170646667], "cpearsonr": [0.7337107287885052, 0.7365395548975583, 0.7353680270750437, 0.7365233633853142, 0.7351734342139639], "crmse": [0.08198168128728867, 0.08525866270065308, 0.08240067213773727, 0.08694367110729218, 0.08554299920797348]}