{"dpearsonr": [NaN, NaN, NaN, NaN, NaN], "drmse": [0.28744301199913025, 0.2990895211696625, 0.31285908818244934, 0.3084116578102112, 0.30085495114326477], "cpearsonr": [0.7253536121049712, 0.705085874009265, 0.717648494823496, 0.7193953866165462, 0.7419657421824011], "crmse": [0.2851265072822571, 0.2968488037586212, 0.31193700432777405, 0.3076306879520416, 0.2985295057296753]}