{"dpearsonr": [Infinity, Infinity, -Infinity, NaN, NaN], "drmse": [0.08276793360710144, 0.09464012831449509, 0.09461982548236847, 0.09882698208093643, 0.08920550346374512], "cpearsonr": [0.7236899542913363, 0.7088000256877108, 0.7194541030804146, 0.7193109120870074, 0.7402789452212712], "crmse": [0.08294331282377243, 0.0944099947810173, 0.09491197019815445, 0.09934300184249878, 0.08891374617815018]}