{"dpearsonr": [NaN, NaN, NaN, NaN, NaN], "drmse": [0.2884305417537689, 0.30559292435646057, 0.31030410528182983, 0.3091478645801544, 0.2965843379497528], "cpearsonr": [0.7259698704068134, 0.7074637558860593, 0.7211427209622115, 0.7188325778442216, 0.7424516010784317], "crmse": [0.28608331084251404, 0.30326128005981445, 0.3093218505382538, 0.30837535858154297, 0.29426804184913635]}