{"dpearsonr": [NaN, NaN, NaN, NaN, NaN], "drmse": [0.2858484387397766, 0.28909599781036377, 0.2889144718647003, 0.28906962275505066, 0.2892140746116638], "cpearsonr": [0.735974037953072, 0.735608096813229, 0.73674171400999, 0.7360903940198239, 0.7375222306464254], "crmse": [0.2844940721988678, 0.2877148389816284, 0.2874380946159363, 0.2876415550708771, 0.28784361481666565]}