{"dpearsonr": [NaN, NaN, 0.06476330515402084, NaN, NaN], "drmse": [0.2933787703514099, 0.29350951313972473, 0.3024322986602783, 0.30820971727371216, 0.3103853762149811], "cpearsonr": [0.7393452183947637, 0.7278331617543913, 0.7084250587052836, 0.7158206371763797, 0.7247206201790076], "crmse": [0.29160475730895996, 0.2911522388458252, 0.29993191361427307, 0.30682268738746643, 0.3094804584980011]}