{"dpearsonr": [0.06549445270253008, Infinity, Infinity, Infinity, -Infinity], "drmse": [0.08785060048103333, 0.08650129288434982, 0.09425221383571625, 0.09390754997730255, 0.09491656720638275], "cpearsonr": [0.7380224280878346, 0.7259003876612538, 0.7124683371081337, 0.7108657679491197, 0.7228692599342718], "crmse": [0.0881347507238388, 0.08660111576318741, 0.09387186914682388, 0.09402839094400406, 0.09521912038326263]}