{"dpearsonr": [0.11761392427063397, 0.1613954285536197, 0.13862292733796036, 0.07652994392475297, 0.05740035453338052], "dspearmanr": [0.09240199764112958, 0.1412768968988139, 0.11516376185212854, 0.060083179203595974, 0.025300332387228015], "drmse": [0.9712063074111938, 0.937419056892395, 0.9653453826904297, 0.9566983580589294, 0.911126971244812], "cpearsonr": [0.6822980608121663, 0.6353196833850007, 0.6646900917645082, 0.6711948542798089, 0.6001770279874626], "cspearmanr": [0.6390898767441858, 0.5842146643500863, 0.6156213386664862, 0.6131726554496904, 0.5746467584978235], "crmse": [0.9714972376823425, 0.9376109838485718, 0.9646653532981873, 0.9568411707878113, 0.9128533005714417]}