{"pearsonr": [0.0015495867257798654, NaN, NaN, 0.004190406025547363, NaN], "spearmanr": [-0.0005770423674390075, NaN, NaN, 0.0019234745581300254, NaN], "r2": [-4.7147438728830915, -4.797305308156957, -7.728201818115377, -10.155698318017818, -5.80943936892897], "rmse": [0.5051518939389463, 0.5087877971260655, 0.6242894418804983, 0.7057842796956024, 0.551415892560854]}