{"pearsonr": [0.17643684051246206, 0.18651926902976687, 0.17987447220382863, 0.17520593433386894, 0.18266415325588847], "spearmanr": [0.18626417547583707, 0.20059218897397837, 0.1834545714045336, 0.1851691001092489, 0.198885329746971], "r2": [-4.685861371440977, -5.623350710410804, -8.867001417239592, -13.728846561378031, -7.410620923776223], "rmse": [0.5320154633293542, 0.5458986972298453, 0.679856387205946, 0.7711020996829289, 0.6021486340753104]}