{"dpearsonr": [NaN, NaN, NaN, NaN, NaN], "drmse": [0.2974242866039276, 0.2915421724319458, 0.2996431291103363, 0.307429701089859, 0.30845344066619873], "cpearsonr": [0.7429189344218354, 0.7296611670631661, 0.716077559101574, 0.7206229644573777, 0.7303568362558778], "crmse": [0.295503169298172, 0.2892243564128876, 0.29703378677368164, 0.30596861243247986, 0.3074694871902466]}