{"dpearsonr": [NaN, NaN, NaN, NaN, NaN], "drmse": [0.2875862419605255, 0.2848644554615021, 0.28584617376327515, 0.2880159020423889, 0.28721708059310913], "cpearsonr": [0.739333638087694, 0.7395671737418151, 0.7398860056952603, 0.7402054962751712, 0.7394923669995932], "crmse": [0.28612205386161804, 0.2833525836467743, 0.284256249666214, 0.28644654154777527, 0.2857693135738373]}