{"dpearsonr": [NaN, NaN, NaN, NaN, NaN], "drmse": [0.29021766781806946, 0.3013852536678314, 0.30717387795448303, 0.3081406354904175, 0.2945793867111206], "cpearsonr": [0.7294427729214858, 0.712618288244419, 0.7273183908291925, 0.7261545215413254, 0.7437140155404485], "crmse": [0.2878206968307495, 0.2990318238735199, 0.3061090409755707, 0.30721989274024963, 0.2922557592391968]}