{"dpearsonr": [NaN, NaN, NaN, NaN, NaN], "drmse": [0.296222448348999, 0.2917751967906952, 0.3035885691642761, 0.30880171060562134, 0.3104903995990753], "cpearsonr": [0.7433545792867416, 0.729356657863707, 0.7163739240192653, 0.7214236436210665, 0.7312680936011686], "crmse": [0.29429417848587036, 0.28948885202407837, 0.30097445845603943, 0.307341605424881, 0.30950111150741577]}