{"dpearsonr": [0.14972502595043147, 0.17375248336723506, 0.07872681043298693, 0.05741404924142227, 0.017574995687765733], "dspearmanr": [0.123038422157932, 0.154813386102542, 0.06107924622189636, 0.032931078683015466, -0.010561770243841655], "drmse": [6.441226482391357, 6.724780559539795, 2.882625102996826, 9.122429847717285, 5.366350173950195], "cpearsonr": [0.6058020758065715, 0.5687128333921384, 0.660348991534819, 0.5190520949282666, 0.628825865668014], "cspearmanr": [0.5490223894531686, 0.548055802452423, 0.6170906597750991, 0.4478042625411801, 0.5884745091792216], "crmse": [6.443192958831787, 6.726972579956055, 2.882596254348755, 9.124863624572754, 5.367915630340576]}