{"dpearsonr": [0.08520970927630829, 0.09581548325445267, 0.10736592876432437, Infinity, 0.11283022815158184], "drmse": [0.08652021735906601, 0.08470112085342407, 0.09116426110267639, 0.09554189443588257, 0.09475269168615341], "cpearsonr": [0.7429801641373744, 0.729480299201012, 0.7161765097324984, 0.7207853286820302, 0.7302101122590876], "crmse": [0.08681373298168182, 0.08483201265335083, 0.0907914787530899, 0.0956704393029213, 0.0950571820139885]}