{"dpearsonr": [0.05995676257863121, 0.09718920881902009, 0.0788210860076418, 0.057525977149041826, 0.08775127768322148], "drmse": [0.29592058062553406, 0.28868135809898376, 0.2971571087837219, 0.306686669588089, 0.3111365735530853], "cpearsonr": [0.7429307165813076, 0.7295717810073902, 0.71623692183667, 0.7204892169812124, 0.7302888593437729], "crmse": [0.2940067946910858, 0.28638923168182373, 0.29455798864364624, 0.3052280843257904, 0.3101541996002197]}