{"dpearsonr": [NaN, NaN, NaN, NaN, NaN], "drmse": [0.2883526682853699, 0.30402255058288574, 0.30994105339050293, 0.3055136203765869, 0.2939504086971283], "cpearsonr": [0.7293389941776264, 0.7124338962389597, 0.7270107512000524, 0.7259804180210548, 0.7437970777541548], "crmse": [0.2859807312488556, 0.30164530873298645, 0.30888038873672485, 0.3045944273471832, 0.291627436876297]}