{"dpearsonr": [NaN, NaN, NaN, NaN, NaN], "drmse": [0.2857043445110321, 0.28745943307876587, 0.2885194420814514, 0.285483717918396, 0.2866046726703644], "cpearsonr": [0.7392250438580228, 0.7393702649743509, 0.7398775968236223, 0.7401056058341007, 0.7394520714428726], "crmse": [0.2842384874820709, 0.2859596014022827, 0.2869257926940918, 0.2839331328868866, 0.2851520776748657]}