{"dpearsonr": [NaN, NaN, NaN, NaN, NaN], "drmse": [0.2940259873867035, 0.29358506202697754, 0.3032134175300598, 0.3058512210845947, 0.3111911118030548], "cpearsonr": [0.7432344550591351, 0.729424355289656, 0.7160693439767232, 0.7212291399239077, 0.7304671315103931], "crmse": [0.29210785031318665, 0.29126524925231934, 0.3006063401699066, 0.3043932616710663, 0.31022176146507263]}