{"pearsonr": [-0.11337920203459288, NaN, 0.1545482844288813, 0.018782357082591655, 0.037460865958200945], "spearmanr": [-0.09154008623812505, NaN, 0.15173579036730117, 0.04029142456080878, 0.03857689585609352], "r2": [-15.231823296260067, -15.434747953647356, -7.4599807269142495, -12.032636630274324, -6.2673920835632355], "rmse": [0.8605052357020203, 0.9295109408481602, 0.6259775591064715, 0.7181763421949312, 0.5521485909598123]}