{"dpearsonr": [NaN, NaN, NaN, NaN, NaN], "drmse": [0.29533547163009644, 0.2957710325717926, 0.30410176515579224, 0.30861613154411316, 0.31077054142951965], "cpearsonr": [0.7433254163989337, 0.729501882039094, 0.7161447817999627, 0.7213854039909232, 0.7309102634696049], "crmse": [0.2934095859527588, 0.2934347689151764, 0.30149292945861816, 0.3071505129337311, 0.30979856848716736]}