{"dpearsonr": [NaN, NaN, NaN, NaN, NaN], "drmse": [0.29142436385154724, 0.2920123338699341, 0.30004045367240906, 0.3036898672580719, 0.3092864155769348], "cpearsonr": [0.7432851545398879, 0.729424790811687, 0.7163145291683496, 0.721008077789264, 0.730627400775778], "crmse": [0.28951296210289, 0.28970760107040405, 0.2974391281604767, 0.30224859714508057, 0.3083184063434601]}