{"dpearsonr": [-0.00033832786067314807, 0.00515537755242645, 0.0016308484540651156, 0.0002684641051523061, 0.011950066392291297], "drmse": [0.2890225052833557, 0.28632664680480957, 0.2922496497631073, 0.2907942831516266, 0.28818434476852417], "cpearsonr": [0.7394409669733263, 0.739757612886359, 0.7402135510040043, 0.740373451728632, 0.7396478312784274], "crmse": [0.2875560522079468, 0.28481143712997437, 0.29065436124801636, 0.2892288565635681, 0.28672274947166443]}