{"dpearsonr": [-0.00017223230136548758, 0.021922383785196176, 0.011387578449249147, 0.0014930778093493475, -0.0030837749015254694], "drmse": [0.29164886474609375, 0.3028823137283325, 0.31380078196525574, 0.3110358417034149, 0.29559335112571716], "cpearsonr": [0.729536000884463, 0.712959080979431, 0.7279890457492545, 0.726721535963514, 0.743552457388457], "crmse": [0.2892577648162842, 0.3005411624908447, 0.3127294182777405, 0.31011003255844116, 0.29327207803726196]}