{"dpearsonr": [NaN, NaN, NaN, NaN, NaN], "drmse": [0.297443151473999, 0.2913970649242401, 0.30054596066474915, 0.30849194526672363, 0.31063827872276306], "cpearsonr": [0.7433719805961274, 0.7294607390835081, 0.7164547412991283, 0.7213698919222101, 0.7310363947760811], "crmse": [0.29550692439079285, 0.28911009430885315, 0.2979423999786377, 0.30703285336494446, 0.30966976284980774]}