{"pearsonr": [NaN, -0.056555625776298246, 0.08403130967879414, 0.06542280746689473, NaN], "spearmanr": [NaN, -0.05094404799339134, 0.0762965273598294, 0.08144011347397521, NaN], "r2": [-13.3364965936286, -9.32397467052607, -14.590053564679472, -15.663745708773572, -13.533783551944373], "rmse": [0.8087073345235711, 0.7367098002082896, 0.8497631249335528, 0.812084583891717, 0.7808291471618883]}