{"dpearsonr": [0.11162726623772362, 0.12157135777374313, 0.117544334243799, 0.14566111073302346, 0.10041280453417428], "drmse": [0.08787479996681213, 0.08614174276590347, 0.09303901344537735, 0.09653445333242416, 0.09822916239500046], "cpearsonr": [0.743997813577229, 0.7299715893285635, 0.7170042888571023, 0.7219922987851313, 0.7316110943554184], "crmse": [0.08817112445831299, 0.0862763375043869, 0.09266122430562973, 0.09666749835014343, 0.09854239225387573]}