{"dpearsonr": [0.11379625185669906, 0.1424971454412027, 0.11572370815978289, 0.12462374219974537, 0.10011431833561868], "drmse": [0.2985544204711914, 0.2907586991786957, 0.30153152346611023, 0.309242844581604, 0.3104371130466461], "cpearsonr": [0.7439443426178551, 0.7298240990954132, 0.7170025580882179, 0.7219514725562398, 0.7315615039822625], "crmse": [0.29660242795944214, 0.2884671688079834, 0.2988969087600708, 0.30777543783187866, 0.30943551659584045]}