{"dpearsonr": [NaN, NaN, NaN, NaN, NaN], "drmse": [0.2949991822242737, 0.29135218262672424, 0.3035486042499542, 0.3018936216831207, 0.3082532286643982], "cpearsonr": [0.7430033022115206, 0.729553631932955, 0.716169041965011, 0.7207080406326838, 0.7305108717043237], "crmse": [0.29308921098709106, 0.2890394926071167, 0.30092453956604004, 0.3004518449306488, 0.307270884513855]}