{"pearsonr": [0.3241702513880239, 0.5075320720140146, 0.38348927271541106, 0.4600864669224326, 0.2901763324697233], "spearmanr": [0.28548733361957923, 0.44829716641945677, 0.3618596533283489, 0.3888352355867721, 0.25421910057555364], "r2": [-11.572951558495342, -5.8582516682818815, -16.160333506157848, -12.054416790599365, -12.47155914569046], "rmse": [0.7573357970755016, 0.6004539289644923, 0.8915320070524141, 0.7187762003257951, 0.7517537506674723]}