{"dpearsonr": [NaN, NaN, NaN, NaN, NaN], "drmse": [0.2953805923461914, 0.29267215728759766, 0.30044618248939514, 0.3049315810203552, 0.30943894386291504], "cpearsonr": [0.7433948522061844, 0.7294722851406776, 0.7163394461661122, 0.7213989043480746, 0.7310000527624954], "crmse": [0.29345157742500305, 0.29037463665008545, 0.2978495955467224, 0.30348676443099976, 0.3084712326526642]}