{"pearsonr": [NaN, NaN, 0.18962585027585285, NaN, 0.29440997226723875], "spearmanr": [NaN, NaN, 0.2160306167941237, NaN, 0.27261006404972754], "r2": [-13.382692433454968, -5.649701781420026, -8.882065076318982, -7.166542813446503, -13.717041680484359], "rmse": [0.8461477788837942, 0.5469835511519786, 0.6803751476014385, 0.5741781191772678, 0.7965259620738829]}