{"pearsonr": [NaN, NaN, -0.17054940375686092, NaN, 0.01635989304152726], "spearmanr": [NaN, NaN, -0.17138158312938526, NaN, 0.003269906748821043], "r2": [-14.049851886461045, -4.82173923246828, -7.742606375663968, -4.880340629595904, -11.387820992263917], "rmse": [0.8197656438160658, 0.5098588646679953, 0.6248043764687621, 0.512418548971371, 0.7437398653040844]}