{"pearsonr": [0.36137968633189593, 0.05701592305856567, 0.3169171896920471, 0.42097998558865285, 0.3050225450506852], "spearmanr": [0.338267110985913, 0.029116394016540918, 0.29556628621597897, 0.35571163788898646, 0.26022827041264274], "r2": [-5.859556679618373, -10.662477382438093, -11.960764939663543, -9.60045487077657, -13.530792308678176], "rmse": [0.559394109007644, 0.7830119484160225, 0.7747996120327298, 0.647704929149134, 0.7807487905875192]}