{"dpearsonr": [0.15962654777989968], "drmse": [0.30237701535224915], "cpearsonr": [0.7302822536989552], "crmse": [0.30024439096450806]}