{"dpearsonr": [NaN, NaN, NaN, NaN, NaN], "drmse": [0.29102933406829834, 0.30305951833724976, 0.31104591488838196, 0.31112149357795715, 0.2963448464870453], "cpearsonr": [0.7295676097132994, 0.7129229445759139, 0.7280400236551544, 0.7267412556305359, 0.7434617566918311], "crmse": [0.28864747285842896, 0.30071398615837097, 0.3099815249443054, 0.31019964814186096, 0.2940322160720825]}