{"dpearsonr": [NaN, NaN, NaN, NaN, NaN], "drmse": [0.28839462995529175, 0.28650161623954773, 0.28958436846733093, 0.2908962070941925, 0.2889425754547119], "cpearsonr": [0.7394205880193485, 0.739705266386258, 0.7402113748757108, 0.7403436087896538, 0.7395936833211224], "crmse": [0.28692230582237244, 0.28498926758766174, 0.2879864275455475, 0.2893279492855072, 0.28748080134391785]}