{"dpearsonr": [NaN, NaN, NaN, NaN, NaN], "drmse": [0.2982933819293976, 0.29298627376556396, 0.3029477298259735, 0.31005436182022095, 0.30891153216362], "cpearsonr": [0.7434581660765741, 0.7293841513015463, 0.7164114692031288, 0.721342338137432, 0.7311515029918686], "crmse": [0.2963533103466034, 0.29068610072135925, 0.30032724142074585, 0.30859196186065674, 0.30794021487236023]}