{"dpearsonr": [NaN, NaN, NaN, NaN, NaN], "drmse": [0.2915477752685547, 0.3029863238334656, 0.3125752806663513, 0.3086629807949066, 0.293795645236969], "cpearsonr": [0.7295808608233236, 0.7129092698067117, 0.7277887003313808, 0.7266879182271725, 0.7436620541576575], "crmse": [0.28915277123451233, 0.30063164234161377, 0.3114955425262451, 0.3077408969402313, 0.2914811372756958]}