{"dpearsonr": [NaN, NaN, NaN, NaN, NaN], "drmse": [0.28891757130622864, 0.2864284813404083, 0.2910688519477844, 0.28851306438446045, 0.2864484488964081], "cpearsonr": [0.7394741652255307, 0.7397205433613462, 0.7402193772171541, 0.7404280869823532, 0.7397083104816405], "crmse": [0.2874453365802765, 0.2849029004573822, 0.28947535157203674, 0.2869413197040558, 0.28498461842536926]}