{"dpearsonr": [NaN, NaN, NaN, NaN, NaN], "drmse": [0.28882840275764465, 0.28665921092033386, 0.2933288812637329, 0.28798869252204895, 0.28919360041618347], "cpearsonr": [0.7395264108062422, 0.7396920696635704, 0.7401604556423659, 0.7403683828048522, 0.7397151214454367], "crmse": [0.28735214471817017, 0.2851358950138092, 0.29172977805137634, 0.2864193320274353, 0.2877238392829895]}