{"dpearsonr": [NaN, NaN, NaN, NaN, NaN], "drmse": [0.291459858417511, 0.30322155356407166, 0.31491753458976746, 0.30811792612075806, 0.29659712314605713], "cpearsonr": [0.7296123891137097, 0.7127909047187597, 0.7275861977112406, 0.7267738551480368, 0.7436331031058716], "crmse": [0.2890692353248596, 0.30087006092071533, 0.3138592541217804, 0.3071908950805664, 0.2942744791507721]}