{"pearsonr": [0.07585562962863945, 0.18835542673277575, 0.07132171329001329, 0.029989611854297018, -0.022868232055529108], "spearmanr": [0.14328514860932207, 0.15541720337770146, 0.00791630084869769, 0.023056287191493517, 0.07568529899521999], "r2": [-14.23988975270923, -10.987655359329112, -16.96816947183959, -15.03392513500171, -15.690169162422528], "rmse": [0.8709977531971286, 0.7344129162855684, 0.9174375348796832, 0.8045396319389191, 0.8482425327057114]}