{"pearsonr": [0.3038924013976494, 0.18629252162463378, 0.14925752399020425, 0.08971688707582431, 0.04119831343956663], "spearmanr": [0.31830065359477117, 0.16557893230284812, 0.07164666861769585, 0.07775826748609893, 0.09917081260364842], "r2": [-8.48915446274813, -8.509039575064325, -11.483683638225308, -18.790383635356104, -19.15565144777177], "rmse": [0.6872897706792729, 0.6540960242628275, 0.7647085816104462, 0.8938293749295629, 0.9321549188652485]}