{"pearsonr": [0.05512677074826207, 0.05178613441242536, 0.0001297543137804731, 0.04214218946297673, 0.05836356576605515], "spearmanr": [0.10207654089148292, 0.10215380368879724, 0.030496982622358317, 0.10194029885957752, 0.10208538777667159], "r2": [-13.862772054145312, -18.96464603332447, -10.28137575792885, -11.84836232079211, -10.25957948830574], "rmse": [0.8146545901352309, 0.9441791539128759, 0.7097487440762866, 0.7574386946936644, 0.7090627747972402]}