{"pearsonr": [0.07926943141362772, 0.0052806179961693775, 0.07957635689698342, 0.02352566228708781, 0.078547439031254], "spearmanr": [0.12841253851344017, -0.013342282449195287, 0.12848862172606268, 0.1040045720702655, 0.13484481383794394], "r2": [-5.866818367153226, -4.851629158704214, -15.62783278455111, -11.009366449369065, -14.042934866096425], "rmse": [0.5537342419179028, 0.5111660456055076, 0.861670896249257, 0.7322909192784537, 0.8195772370670551]}