{"pearsonr": [0.08646082344129899, 0.0882602234262627, 0.09671387708726893, -0.0908509040817023, 0.09411009446925045], "spearmanr": [0.11794962229698167, 0.1182604428632767, 0.09940596114919859, -0.11799149755354134, 0.11815545982570455], "r2": [-7.97362454178737, -17.422359017104668, -6.144009119371149, -3.6675507906059677, -7.399764666326947], "rmse": [0.6330055934025269, 0.9069768896164917, 0.5647998860172669, 0.4565287436782599, 0.6124309914795696]}