{"pearsonr": [0.3358655889092073, 0.15377803441617433, 0.15517648766283962, -0.02381192761166006, 0.02745398621037548], "spearmanr": [0.34663422546634226, 0.12816182434044174, 0.2040435079504439, -0.029172763632816314, -0.0928787435372159], "r2": [-12.005565342028133, -9.86220508890287, -16.25931821027455, -14.066423398576852, -10.532510551662293], "rmse": [0.8046198450838798, 0.6990885372502845, 0.8991588117852677, 0.7798886513146779, 0.7051014474555151]}