{"pearsonr": [0.29321772780855837, 0.18990541066076375, 0.06073307412151687, 0.06953813841745914, 0.2416212190507997], "spearmanr": [0.30567721005677206, 0.14115261676446733, 0.050107306604233744, 0.05384352746073554, 0.19469320066334994], "r2": [-5.4874307490396195, -9.784903915946918, -13.775457229800171, -13.287566343601446, -12.887580873465332], "rmse": [0.5682801540924478, 0.6965965546349517, 0.8319458339876059, 0.7594630459529115, 0.7737541233803229]}