{"pearsonr": [-0.05234964194263991, 0.051231797733475186, 0.08056133738285014, -0.1133880696817566, 0.15036520681290683], "spearmanr": [-0.060884853660723125, 0.10989808829104374, 0.12789411104138457, -0.12678176267699667, 0.14989749409028066], "r2": [-5.587469257623544, -8.74205017490245, -12.820758961331244, -9.450252787539831, -10.698064891460998], "rmse": [0.5423540667630146, 0.6595516046232446, 0.7855784234048577, 0.6831042671659232, 0.7227375402930489]}