{"pearsonr": [0.31114865212381604, 0.164014995057551, 0.010411000832020038, 0.06333441790884953, 0.03193707468128619], "spearmanr": [0.3225609465197271, 0.14713515576546918, -0.010247780704321531, 0.07734855136084286, -0.09726368159203981], "r2": [-7.470137502493955, -27.83887088556843, -18.038021798230947, -14.458376620020099, -12.267354945210686], "rmse": [0.6493387974736982, 1.1391011971885678, 0.9443554622214734, 0.7899679263191796, 0.7562786668043217]}