{"pearsonr": [0.07284512953043987, 0.023657967686635535, 0.06749231664485766, 0.07060275186312825, -0.05894877197708252], "spearmanr": [0.13269914928352025, 0.07975997810690812, 0.13279646502059556, 0.13327655599016697, -0.11248731024345529], "r2": [-17.301893568646246, -5.924544205829185, -10.960963464983719, -11.977171979447117, -13.3824921066932], "rmse": [0.9040066245642286, 0.5560568515179571, 0.7308137034317908, 0.7612260297223704, 0.8013840095020287]}