{"pearsonr": [0.04364634827874317, -0.09172193416735958, 0.04323879192763039, 0.0356359225542658, 0.12777937234928108], "spearmanr": [0.12590048184724012, -0.04272463470810098, 0.013364549800019512, 0.0011657399278119209, 0.06873963515754561], "r2": [-5.796419867706309, -5.7357592678462, -16.36474840946882, -14.601142338514096, -16.60924691306962], "rmse": [0.5816560135286568, 0.5505115823572372, 0.9019009294215365, 0.7936074138737446, 0.8712846592029381]}