{"pearsonr": [0.05558133794500198, -0.01433779007450658, 0.0479404598190298, 0.04632201795288614, 0.06344016826794689], "spearmanr": [0.13594241739368404, 0.07948808383544322, 0.1353903717579115, 0.12058658387554907, 0.13583861394080374], "r2": [-14.96287808367532, -9.873731441668259, -16.15737046484296, -11.309826243485132, -11.047063325242046], "rmse": [0.8442658032184462, 0.6968076365195313, 0.8752839494130572, 0.7413948444144696, 0.7334393333580574]}