{"pearsonr": [0.1571071504321837, 0.17597056657571958, 0.04019633279388705, 0.04651921480806699, -0.01919464102750159], "spearmanr": [0.36427651352511803, 0.13598110777157577, 0.03105550677982636, 0.024743927421714957, 0.09890742366598382], "r2": [-7.382856290094937, -8.540545117881157, -6.625288588185683, -21.5101344152616, -14.16348152886512], "rmse": [0.6459845521714336, 0.6551787103182327, 0.5976579889636766, 0.9532713942168854, 0.8085169689090893]}