{"pearsonr": [-0.09232775822692077, 0.07467166919889764, -0.10915424962311776, -0.050850074896214695, 0.12170776864463324], "spearmanr": [-0.05737381982551583, 0.10472824727869813, -0.08742079088794417, -0.042052194263443726, 0.12221853929668441], "r2": [-8.831181978500844, -7.583591434398169, -10.211111632499982, -14.211749290565661, -16.223041162560907], "rmse": [0.6625619141236588, 0.6190961726184614, 0.7075350172172316, 0.8241631260120899, 0.8769574462465332]}