{"pearsonr": [-0.08901361081910855, 0.08386348937700445, 0.08273994088016175, -0.10150553132558264, 0.08240401894384708], "spearmanr": [-0.028514109164108948, 0.14004265378245628, 0.14338028866796576, -0.1406583969915872, 0.14036762936505315], "r2": [-7.613750712509892, -7.83885611681198, -5.821030575592023, -16.55180892872347, -10.025610245885183], "rmse": [0.6201828460416007, 0.6282342831199959, 0.5518850103220522, 0.8852879267519208, 0.701657090617033]}