{"pearsonr": [0.05918503517904407, 0.1447244267076429, 0.18061798113198907, 0.027769716303904894, -0.014203982965276661], "spearmanr": [0.14515528839272934, 0.11844377653737892, 0.15978441127694862, 0.04153741098429422, 0.08626963223100186], "r2": [-13.3149725588913, -18.797649080894622, -11.331573116684662, -13.622611181594268, -14.18411165779359], "rmse": [0.8441534155054057, 0.9438000433746114, 0.7600354124973955, 0.7683161865721178, 0.8090667812940351]}