{"pearsonr": [0.18724808944792998, 0.16593954191958726, 0.0441522731725249, 0.008996165280363235, 0.02796456592809454], "spearmanr": [0.187968131291446, 0.08201898764371929, 0.039922934347868505, -0.00665788703541118, -0.08767925080479956], "r2": [-8.355504724393437, -10.275045821323753, -14.401581270411855, -13.02253359243297, -5.859268524453819], "rmse": [0.6824325501265522, 0.7122498061741419, 0.8493901937070247, 0.752386096063306, 0.5437866961740598]}