{"pearsonr": [0.04558651395910058, 0.17507525335607546, 0.032716593403769714, 0.028134824308422655, 0.04616825257216413], "spearmanr": [0.13120080148847857, 0.14071847717189065, 0.023441615452151014, 0.03846941761779339, -0.05181933469905376], "r2": [-16.421341524538725, -6.771663098170019, -10.681645256904675, -14.79380045266315, -15.929562790021624], "rmse": [0.931251358727956, 0.5913303433106604, 0.7397357257761112, 0.798492497695997, 0.854304211131273]}