{"pearsonr": [-0.00587985775114238, 0.022082983977437944, -0.078368119429153, 0.0703243308860803, -0.0695093533045717], "spearmanr": [0.06595293928913508, 0.076188195660072, -0.13279528543590374, 0.13224265000778523, -0.1324685404762691], "r2": [-8.646456852771394, -9.194208763064504, -12.745771620135132, -14.667414303335525, -3.4009325374709425], "rmse": [0.6563077207944498, 0.674683923477156, 0.7834443669512693, 0.836415869560525, 0.4432981877834785]}