{"pearsonr": [-0.10633017099987002, 0.08547437836886844, -0.11257310514681389, -0.06295062817801142, -0.0972183332911835], "spearmanr": [-0.06372116505220841, 0.1180593236733211, -0.055113145763639536, -0.11416905335969312, -0.11785053718286864], "r2": [-12.586773720374222, -9.737108826899282, -14.906054309700416, -10.152030650281311, -8.82748159294397], "rmse": [0.7789001214226839, 0.692416291720242, 0.8427617780917174, 0.7056682495307794, 0.6624372106398805]}