{"pearsonr": [0.07735199943854977, 0.17244674485002645, 0.12511617776796272, 0.0455492639832682, -0.0063577279460543664], "spearmanr": [0.1530461332951672, 0.15049377415199655, 0.09309335674568336, 0.05199492732416351, 0.09983416252072969], "r2": [-7.883704575578905, -18.667472901283343, -7.170374268055401, -11.417969685460312, -9.789984905051096], "rmse": [0.6650023438089079, 0.9406920250418767, 0.618650776467084, 0.7080318826602884, 0.682024686230273]}