{"pearsonr": [-0.08615726736246691, 0.0931905195114135, 0.09373140906317125, -0.09835235817236518, -0.09373489977147964], "spearmanr": [-0.05365399949985609, 0.11570015428967768, 0.11585114113023087, -0.11538992351572858, -0.11590127347963329], "r2": [-7.6947626314713204, -31.745320603146062, -19.610738883458104, -8.426136761915496, -10.32648548222931], "rmse": [0.6230924161590785, 1.2092002372273243, 0.9593352021560371, 0.6487695656543724, 0.7111663295422769]}