{"pearsonr": [0.10593814699941978, 0.17071153582961504, 0.11792886901085442, 0.07191944559508545, 0.24268078216025007], "spearmanr": [0.14687276370402175, 0.1308095987786842, 0.09907813871817385, 0.05947224661008683, 0.22684128377719245], "r2": [-10.688667393249128, -12.64538154658078, -14.250627065871779, -16.832422000587513, -15.593850299809052], "rmse": [0.7627963784228974, 0.7835487531145368, 0.8452174161374971, 0.8484625605166126, 0.8457913900115925]}