{"pearsonr": [0.06581467929227476, 0.09183236358252611, 0.05910521787413256, -0.15418579132134352, 0.12508817459859403], "spearmanr": [0.12091568800456734, 0.12983983599054444, 0.12738747941624715, -0.14393353511115609, 0.1395349042951046], "r2": [-11.022525321313733, -11.591657861399678, -13.38810455652608, -12.680705978051567, -13.089586509895678], "rmse": [0.732692001396399, 0.7498338768226096, 0.8015403554543757, 0.7815879496356707, 0.7931817702888975]}