{"dpearsonr": [NaN, NaN, NaN, NaN, NaN], "drmse": [0.2895984351634979, 0.2845502197742462, 0.28650638461112976, 0.2882799804210663, 0.2873326241970062], "cpearsonr": [0.739376225269145, 0.7397480181043371, 0.7402257033226655, 0.7403980350642975, 0.7397112425433136], "crmse": [0.288145512342453, 0.28302088379859924, 0.28490233421325684, 0.28670820593833923, 0.28586363792419434]}