{"dpearsonr": [NaN, NaN, NaN, NaN, NaN], "drmse": [0.29221874475479126, 0.30106809735298157, 0.30786946415901184, 0.30842605233192444, 0.2947019040584564], "cpearsonr": [0.7295556187954787, 0.7128012841410702, 0.7275934340580497, 0.726366496329269, 0.7437411339455489], "crmse": [0.28981813788414, 0.29871973395347595, 0.30680981278419495, 0.30750250816345215, 0.29237914085388184]}