{"dpearsonr": [NaN, NaN, NaN, NaN, NaN], "drmse": [0.29963555932044983, 0.29289984703063965, 0.30148395895957947, 0.30877479910850525, 0.31221023201942444], "cpearsonr": [0.7433195477497045, 0.7293433317429584, 0.7162487997422601, 0.7213807812075317, 0.7310378735388194], "crmse": [0.2976962924003601, 0.29059556126594543, 0.2988756000995636, 0.30731531977653503, 0.31122034788131714]}