{"dpearsonr": [NaN, -Infinity, NaN, NaN, -Infinity], "drmse": [0.37289080023765564, 0.36896947026252747, 0.3521638810634613, 0.32603925466537476, 0.30926141142845154], "cpearsonr": [0.09772431201519712, 0.13736133502274447, 0.11020536338190014, 0.13763706601524425, 0.23740578008061017], "crmse": [0.3728632628917694, 0.36809077858924866, 0.3518884778022766, 0.3263396918773651, 0.3104369342327118]}