{"dpearsonr": [NaN, NaN, NaN, NaN, NaN], "drmse": [0.5261968970298767, 0.48564794659614563, 0.5527461767196655, 0.5261083245277405, 0.4888176918029785], "cpearsonr": [NaN, NaN, 0.004346704260477787, NaN, 0.14711357568584874], "crmse": [0.5998547077178955, 0.5722819566726685, 0.6308588981628418, 0.6012639403343201, 0.5723573565483093]}