{"dpearsonr": [NaN, NaN, NaN, NaN, NaN], "drmse": [0.5235246419906616, 0.5229276418685913, 0.501979410648346, 0.5228291153907776, 0.5089497566223145], "cpearsonr": [0.17538982861159505, 0.12247055758811644, NaN, 0.07614144278602371, NaN], "crmse": [0.604023277759552, 0.6048365235328674, 0.5789449214935303, 0.603550136089325, 0.5911110639572144]}