{"dpearsonr": [NaN, NaN, NaN, NaN, NaN], "drmse": [0.5161947011947632, 0.4734381437301636, 0.47599565982818604, 0.5503498315811157, 0.5382066965103149], "cpearsonr": [-0.011989784602726575, 0.10047019789830257, 0.05862203592070552, 0.029206737454088093, -0.06738906782541078], "crmse": [0.5936495065689087, 0.5631930232048035, 0.5728036761283875, 0.6360552310943604, 0.6182122230529785]}