{"dpearsonr": [NaN, NaN, NaN, NaN, NaN], "drmse": [0.4838089346885681, 0.472574383020401, 0.508053183555603, 0.5643202066421509, 0.5205875635147095], "cpearsonr": [0.03615643814711622, 0.019552992771536187, 0.1178286626732017, -0.014504501657206794, 0.07359715335922085], "crmse": [0.5608351230621338, 0.5623200535774231, 0.5925994515419006, 0.6291061639785767, 0.6015324592590332]}