{"dpearsonr": [NaN, NaN, NaN, NaN, NaN], "drmse": [0.49754366278648376, 0.4663710296154022, 0.5215587019920349, 0.43062350153923035, 0.5125263929367065], "cpearsonr": [0.09262891527156071, 0.14151865769802385, 0.0949252134751098, 0.06774504361582478, -0.05415076433721145], "crmse": [0.5807780623435974, 0.5574530363082886, 0.6140860915184021, 0.5260977149009705, 0.5979792475700378]}