{"dpearsonr": [NaN, NaN, NaN, NaN, NaN], "drmse": [0.5269834995269775, 0.5248869061470032, 0.503949761390686, 0.5255134701728821, 0.5049836039543152], "cpearsonr": [0.16886786071126528, 0.12524897200522758, 0.06790750961606458, 0.06865003044083585, -0.02758872059221984], "crmse": [0.6043767333030701, 0.6106498837471008, 0.5965807437896729, 0.6139346361160278, 0.5895978212356567]}