{"dpearsonr": [NaN, NaN, NaN, NaN, NaN], "drmse": [0.5058256387710571, 0.49192842841148376, 0.5164085030555725, 0.48645827174186707, 0.49384450912475586], "cpearsonr": [0.12557462397099323, 0.09443420428918191, 0.07941585289768256, 0.05979674533359559, 0.13859939713427372], "crmse": [0.5859795212745667, 0.581286609172821, 0.6066959500312805, 0.5805476307868958, 0.5799779295921326]}