{"dpearsonr": [NaN, NaN, NaN, NaN, NaN], "drmse": [0.4957590401172638, 0.4664402902126312, 0.5250840783119202, 0.44051870703697205, 0.5176816582679749], "cpearsonr": [0.09400295038406055, 0.13295545879576753, 0.06940154053439444, NaN, NaN], "crmse": [0.5795562267303467, 0.5515883564949036, 0.6068073511123657, 0.5204944610595703, 0.593934178352356]}