{"dpearsonr": [NaN, NaN, NaN, NaN, NaN], "drmse": [0.5286509394645691, 0.4851851463317871, 0.5512815117835999, 0.529380202293396, 0.48665982484817505], "cpearsonr": [0.09291080585187096, 0.05625292621020287, 0.023826348437276358, 0.12360462770985156, 0.15268298034106542], "crmse": [0.6038101315498352, 0.5748967528343201, 0.637319028377533, 0.6169539093971252, 0.5748277306556702]}