{"dpearsonr": [NaN, NaN, NaN, NaN, NaN], "drmse": [0.4590776860713959, 0.49354130029678345, 0.48992061614990234, 0.5003611445426941, 0.5010493397712708], "cpearsonr": [0.12576158571178708, 0.08485856091440067, 0.2668134132307968, 0.1954021685454825, 0.12829778701934536], "crmse": [0.542153537273407, 0.5818606019020081, 0.5843863487243652, 0.5922501683235168, 0.5898873209953308]}