{"dpearsonr": [NaN, NaN, NaN, NaN, NaN], "drmse": [0.3226505517959595, 0.3664368987083435, 0.3003816604614258, 0.35272666811943054, 0.2916242182254791], "cpearsonr": [0.22934885352789944, 0.1981739550475776, 0.22167380834318748, 0.055604260299904194, 0.1561069561249098], "crmse": [0.3213120698928833, 0.3672800660133362, 0.3006269931793213, 0.35427239537239075, 0.29292982816696167]}