{"dpearsonr": [NaN, NaN, NaN, NaN, NaN], "drmse": [0.5017672181129456, 0.4912624955177307, 0.5165894031524658, 0.4894896447658539, 0.49569180607795715], "cpearsonr": [0.14033062801744023, NaN, NaN, 0.05961549281468605, 0.1298079080962616], "crmse": [0.5843273997306824, 0.5733664631843567, 0.5924831032752991, 0.5725080370903015, 0.5785730481147766]}