{"dpearsonr": [NaN, NaN, NaN, 0.09270820039121962, -Infinity], "drmse": [0.3702371120452881, 0.3567778468132019, 0.3370082974433899, 0.3121809959411621, 0.3066317141056061], "cpearsonr": [0.11210901241509563, 0.14645716139061607, 0.12367045877113797, 0.15861635656566195, 0.2262830432176218], "crmse": [0.37050700187683105, 0.3535374701023102, 0.33768031001091003, 0.31113070249557495, 0.30591803789138794]}