{"dpearsonr": [NaN, NaN, NaN, NaN, NaN], "drmse": [0.45666229724884033, 0.4908396899700165, 0.4880681335926056, 0.4974040687084198, 0.5014091730117798], "cpearsonr": [0.120594092849082, 0.09760641303356941, NaN, 0.2046217505469269, 0.1300333428851469], "crmse": [0.5423053503036499, 0.5735487341880798, 0.5659838318824768, 0.5806493759155273, 0.5865539908409119]}