{"dpearsonr": [NaN, NaN, NaN, NaN, -0.04499687872575836], "drmse": [0.31967422366142273, 0.35348770022392273, 0.28693050146102905, 0.3442049026489258, 0.2887321710586548], "cpearsonr": [0.23272810005096423, 0.20130333998543176, 0.23546368457031203, 0.04370750687858623, 0.153756438354415], "crmse": [0.3169374167919159, 0.35282987356185913, 0.2851736545562744, 0.3434508740901947, 0.29161369800567627]}