{"dpearsonr": [NaN, NaN, NaN, NaN, NaN], "drmse": [0.5174987316131592, 0.47399452328681946, 0.4785730242729187, 0.5454143285751343, 0.5378056764602661], "cpearsonr": [NaN, 0.100460464681083, 0.06886309761862434, NaN, -0.05281428532233143], "crmse": [0.5999163389205933, 0.5591400861740112, 0.5651369690895081, 0.6235548257827759, 0.6138612031936646]}