{"dpearsonr": [-0.004781475351594904, -0.005910796976563159, 0.005151926448907502, 0.005244835110488483, 0.008912098086239358], "drmse": [0.48558610677719116, 0.4775506854057312, 0.5098263025283813, 0.5590087175369263, 0.5275513529777527], "cpearsonr": [NaN, NaN, 0.10282546446195567, 0.004894306583634901, 0.0754880266699677], "crmse": [0.5554525256156921, 0.559650719165802, 0.5823244452476501, 0.6193468570709229, 0.6046513915061951]}