{"dpearsonr": [NaN, NaN, NaN, NaN, 0.00587385222310377], "drmse": [0.2907419800758362, 0.299581378698349, 0.3095416724681854, 0.305677592754364, 0.2939964830875397], "cpearsonr": [0.7294636533666945, 0.7124162845505263, 0.7270548226485826, 0.7260581170270435, 0.7437261267153519], "crmse": [0.2883375287055969, 0.2972468137741089, 0.30848005414009094, 0.30476492643356323, 0.29167914390563965]}