{"dpearsonr": [NaN, 0.011451421381438828, NaN, NaN, 0.015081840988361963], "drmse": [0.2881139814853668, 0.28309181332588196, 0.2881332039833069, 0.2856317460536957, 0.28664466738700867], "cpearsonr": [0.739351777004315, 0.7394379778483579, 0.7399491739134487, 0.740106721027241, 0.7395005001098535], "crmse": [0.2866370379924774, 0.2815800607204437, 0.28654277324676514, 0.28406739234924316, 0.2852080166339874]}