{"dpearsonr": [-0.03813199658265815, 0.08929664776304531, 0.022972646006938414, 0.011454962258177723, 0.038735059393730883], "dspearmanr": [0.014243443711037196, 0.07575381260077253, 0.028345900124816442, 0.018317993450693154, 0.029095958475649213], "drmse": [9.112541198730469, 7.485958099365234, 12.555824279785156, 13.812044143676758, 5.857501983642578], "cpearsonr": [0.5321823891119011, 0.5726395205872402, 0.4938200453251453, 0.5844472464477279, 0.5970217413627875], "cspearmanr": [0.447241092440643, 0.5177942969730097, 0.45410424484692347, 0.5058621386777972, 0.566476512527358], "crmse": [9.114286422729492, 7.487265110015869, 12.559103965759277, 13.816237449645996, 5.8587965965271]}