{"dpearsonr": [-Infinity, -Infinity, Infinity, -Infinity, Infinity], "drmse": [0.08066099882125854, 0.08060172200202942, 0.08285105973482132, 0.08202742785215378, 0.08443601429462433], "cpearsonr": [0.7392694395992409, 0.7394725368889006, 0.7399040025363108, 0.7400389244940845, 0.7395862589656919], "crmse": [0.08129685372114182, 0.08122511953115463, 0.08347038924694061, 0.08265064656734467, 0.08509743213653564]}