{"dpearsonr": [0.007264764205983543, 0.008075666574486403, 0.009472580417240173, 0.010483932085186764, 0.009783992325545002], "dspearmanr": [0.04402605370844927, 0.04499154991882526, 0.046696495069607734, 0.04766657260840074, 0.04725206188935887], "drmse": [9.109664916992188, 7.464095592498779, 12.526372909545898, 13.818058967590332, 5.910484313964844], "cpearsonr": [0.5411146363436804, 0.5888193047970547, 0.48992100749026835, 0.5816510444010435, 0.5973915410636501], "cspearmanr": [0.45636848009347825, 0.5295532514137283, 0.4519173918600153, 0.5148454390697604, 0.5560455620279116], "crmse": [9.113542556762695, 7.468395233154297, 12.531966209411621, 13.822505950927734, 5.914342880249023]}