{"dpearsonr": [-Infinity, NaN, Infinity, Infinity, -Infinity], "drmse": [0.08217275887727737, 0.09040774405002594, 0.09586944431066513, 0.09414834529161453, 0.08882629126310349], "cpearsonr": [0.7293668945766147, 0.7125225980333731, 0.7270863173224972, 0.7257509700465059, 0.7436683946548698], "crmse": [0.08236328512430191, 0.09019064903259277, 0.09616454690694809, 0.09465353190898895, 0.08855082839727402]}