{"pearsonr": [0.014422191685791608, 0.016341136194787078, 0.014643776672816662, 0.014814771768735267, -0.011896238741430455], "spearmanr": [0.07088297187466386, 0.07136435215255998, 0.06776946308320517, 0.06696556000719134, -0.0574211785980881], "r2": [-9.682686513970944, -5.531067094985805, -11.480176539655728, -15.088492928804296, -8.617180435681009], "rmse": [0.6906592653097279, 0.5400272473907713, 0.7465071378222103, 0.8475811357704114, 0.6553110367464844]}