{"pearsonr": [0.18300015508578643, 0.11109049655809872, 0.11422787544171557, 0.16824516180427845, 0.08518884225719825], "spearmanr": [0.21635785720207962, 0.17456052034271813, 0.08479596712706558, 0.147822107687309, 0.06271551228725827], "r2": [-9.334831084393832, -6.412508202672181, -12.756479566977973, -19.70391279940107, -10.606646672030505], "rmse": [0.7172619845041264, 0.5775050356105073, 0.8027461669017143, 0.914226344125925, 0.7073641700939273]}